t,q_0,dq_0,ddq_0,tau_est_0,q_1,dq_1,ddq_1,tau_est_1,q_2,dq_2,ddq_2,tau_est_2
0.0023844242095947266,-0.029434628784656525,-0.03196299821138382,0.0,0.0,0.023644553497433662,0.003393016755580902,0.0,0.0,0.1406244933605194,-0.0007741118897683918,0.0,0.0
0.010574579238891602,-0.02940487489104271,0.009918156079947948,0.0,0.0,0.023656461387872696,0.0039696963503956795,0.0,0.0,0.14062745869159698,0.0009915364207699895,0.0,0.0
0.01772475242614746,-0.02940487489104271,0.009918156079947948,0.0,0.0,0.023656461387872696,0.0039696963503956795,0.0,0.0,0.14062745869159698,0.0009915364207699895,0.0,0.0
0.023524761199951172,-0.029331352561712265,0.024507159367203712,0.0,0.0,0.023657577112317085,0.0003718849620781839,0.0,0.0,0.14063487946987152,0.002474344102665782,0.0,0.0
0.03527522087097168,-0.029257794842123985,0.05199083313345909,0.0,0.0,0.023794734850525856,0.044336095452308655,0.0,0.0,0.14063672721385956,0.0022573829628527164,0.0,0.0
0.04021883010864258,-0.029257794842123985,0.05199083313345909,0.0,0.0,0.023794734850525856,0.044336095452308655,0.0,0.0,0.14063672721385956,0.0022573829628527164,0.0,0.0
0.04434680938720703,-0.029257794842123985,0.05199083313345909,0.0,0.0,0.023794734850525856,0.044336095452308655,0.0,0.0,0.14063672721385956,0.0022573829628527164,0.0,0.0
0.048491477966308594,-0.029257794842123985,0.05199083313345909,0.0,0.0,0.023794734850525856,0.044336095452308655,0.0,0.0,0.14063672721385956,0.0022573829628527164,0.0,0.0
0.05170583724975586,-0.029257794842123985,0.05199083313345909,0.0,0.0,0.023794734850525856,0.044336095452308655,0.0,0.0,0.14063672721385956,0.0022573829628527164,0.0,0.0
0.05783486366271973,-0.0293333251029253,0.002711960580199957,0.0,0.0,0.02375030517578125,-0.013915330171585083,0.0,0.0,0.14063456654548645,0.000758472247980535,0.0,0.0
0.06188607215881348,-0.0293333251029253,0.002711960580199957,0.0,0.0,0.02375030517578125,-0.013915330171585083,0.0,0.0,0.14063456654548645,0.000758472247980535,0.0,0.0
0.06599807739257812,-0.0293333251029253,0.002711960580199957,0.0,0.0,0.02375030517578125,-0.013915330171585083,0.0,0.0,0.14063456654548645,0.000758472247980535,0.0,0.0
0.07042646408081055,-0.029293352738022804,0.01332396361976862,0.0,0.0,0.023697877302765846,-0.01747603714466095,0.0,0.0,0.14063452184200287,-1.6773876268416643e-05,0.0,0.0
0.07429695129394531,-0.029293352738022804,0.01332396361976862,0.0,0.0,0.023697877302765846,-0.01747603714466095,0.0,0.0,0.14063452184200287,-1.6773876268416643e-05,0.0,0.0
0.08081555366516113,-0.029391733929514885,-0.032793574035167694,0.0,0.0,0.023698413744568825,0.0001786436332622543,0.0,0.0,0.14063207805156708,-0.0008150241919793189,0.0,0.0
0.08770275115966797,-0.029391733929514885,-0.032793574035167694,0.0,0.0,0.023698413744568825,0.0001786436332622543,0.0,0.0,0.14063207805156708,-0.0008150241919793189,0.0,0.0
0.09396910667419434,-0.029415618628263474,-0.007961534895002842,0.0,0.0,0.023668412119150162,-0.010000014677643776,0.0,0.0,0.14063674211502075,0.0015538769075646996,0.0,0.0
0.10411381721496582,-0.029368478804826736,-0.022280478850007057,0.0,0.0,0.023568028584122658,0.0003229737631045282,0.0,0.0,0.14062316715717316,-0.0004842590424232185,0.0,0.0
0.10940313339233398,-0.029449835419654846,-0.02711881697177887,0.0,0.0,0.023636184632778168,0.022718744352459908,0.0,0.0,0.1406233310699463,5.265037179924548e-05,0.0,0.0
0.12342953681945801,-0.029362877830863,0.021001160144805908,0.0,0.0,0.023662658408284187,0.0019345086766406894,0.0,0.0,0.14062803983688354,0.0010653886711224914,0.0,0.0
0.12866568565368652,-0.029362877830863,0.021001160144805908,0.0,0.0,0.023662658408284187,0.0019345086766406894,0.0,0.0,0.14062803983688354,0.0010653886711224914,0.0,0.0
0.1353132724761963,-0.029362877830863,0.021001160144805908,0.0,0.0,0.023662658408284187,0.0019345086766406894,0.0,0.0,0.14062803983688354,0.0010653886711224914,0.0,0.0
0.1418750286102295,-0.029390478506684303,0.009534764103591442,0.0,0.0,0.02367926388978958,-0.011011951602995396,0.0,0.0,0.14062820374965668,6.386304448824376e-05,0.0,0.0
0.14653730392456055,-0.029390478506684303,0.009534764103591442,0.0,0.0,0.02367926388978958,-0.011011951602995396,0.0,0.0,0.14062820374965668,6.386304448824376e-05,0.0,0.0
0.15191268920898438,-0.029234331101179123,0.05204928293824196,0.0,0.0,0.023565102368593216,-0.038054078817367554,0.0,0.0,0.14061462879180908,-0.0045227897353470325,0.0,0.0
0.15697097778320312,-0.02928486093878746,-0.016843432560563087,0.0,0.0,0.023554397746920586,-0.003568043000996113,0.0,0.0,0.1406136006116867,-0.0003410702047403902,0.0,0.0
0.1626572608947754,-0.029363099485635757,-0.02607920952141285,0.0,0.0,0.023615587502717972,0.020396437495946884,0.0,0.0,0.14061450958251953,0.00030125107150524855,0.0,0.0
0.16639113426208496,-0.029450012370944023,-0.028971122577786446,0.0,0.0,0.02368558570742607,0.023332860320806503,0.0,0.0,0.14061503112316132,0.0001757097343215719,0.0,0.0
0.16948461532592773,-0.029450012370944023,-0.028971122577786446,0.0,0.0,0.02368558570742607,0.023332860320806503,0.0,0.0,0.14061503112316132,0.0001757097343215719,0.0,0.0
0.17353320121765137,-0.029450012370944023,-0.028971122577786446,0.0,0.0,0.02368558570742607,0.023332860320806503,0.0,0.0,0.14061503112316132,0.0001757097343215719,0.0,0.0
0.1764371395111084,-0.029450012370944023,-0.028971122577786446,0.0,0.0,0.02368558570742607,0.023332860320806503,0.0,0.0,0.14061503112316132,0.0001757097343215719,0.0,0.0
0.18157315254211426,-0.029414091259241104,0.011973767541348934,0.0,0.0,0.023696918040513992,0.0037772494833916426,0.0,0.0,0.14061856269836426,0.0011739461915567517,0.0,0.0
0.18636226654052734,-0.029350368306040764,0.02124103158712387,0.0,0.0,0.023655744269490242,-0.013724212534725666,0.0,0.0,0.1406228095293045,0.001415696693584323,0.0,0.0
0.1912539005279541,-0.029350368306040764,0.02124103158712387,0.0,0.0,0.023655744269490242,-0.013724212534725666,0.0,0.0,0.1406228095293045,0.001415696693584323,0.0,0.0
0.19946503639221191,-0.029277920722961426,0.02414923533797264,0.0,0.0,0.023821743205189705,0.055332835763692856,0.0,0.0,0.14062578976154327,0.0009936530841514468,0.0,0.0
0.20360898971557617,-0.029277920722961426,0.02414923533797264,0.0,0.0,0.023821743205189705,0.055332835763692856,0.0,0.0,0.14062578976154327,0.0009936530841514468,0.0,0.0
0.2102339267730713,-0.02941509708762169,-0.045725513249635696,0.0,0.0,0.023836640641093254,0.004965729545801878,0.0,0.0,0.1406276673078537,0.0006279500667005777,0.0,0.0
0.21312212944030762,-0.029323868453502655,0.012518808245658875,0.0,0.0,0.023679515346884727,-0.01722911186516285,0.0,0.0,0.14062806963920593,0.0013954442692920566,0.0,0.0
0.22401094436645508,-0.0293614249676466,0.014626529067754745,0.0,0.0,0.023731201887130737,-0.018225524574518204,0.0,0.0,0.14062388241291046,-0.00035092802136205137,0.0,0.0
0.22989797592163086,-0.02947065234184265,-0.048928242176771164,0.0,0.0,0.023679273203015327,-8.029409946175292e-05,0.0,0.0,0.14062923192977905,0.0003877115959767252,0.0,0.0
0.23324823379516602,-0.02947065234184265,-0.048928242176771164,0.0,0.0,0.023679273203015327,-8.029409946175292e-05,0.0,0.0,0.14062923192977905,0.0003877115959767252,0.0,0.0
0.24042201042175293,-0.0293926689773798,0.02599426358938217,0.0,0.0,0.023593844845891,-0.028476199135184288,0.0,0.0,0.14062239229679108,-0.002281339606270194,0.0,0.0
0.24709439277648926,-0.02941754087805748,-0.008290616795420647,0.0,0.0,0.023626090958714485,0.010748721659183502,0.0,0.0,0.1406228393316269,0.00015223262016661465,0.0,0.0
0.25667858123779297,-0.029389241710305214,0.00943314004689455,0.0,0.0,0.023648319765925407,0.007409322075545788,0.0,0.0,0.14062964916229248,0.0022694417275488377,0.0,0.0
0.2607998847961426,-0.029389241710305214,0.00943314004689455,0.0,0.0,0.023648319765925407,0.007409322075545788,0.0,0.0,0.14062964916229248,0.0022694417275488377,0.0,0.0
0.26396656036376953,-0.029389241710305214,0.00943314004689455,0.0,0.0,0.023648319765925407,0.007409322075545788,0.0,0.0,0.14062964916229248,0.0022694417275488377,0.0,0.0
0.2682816982269287,-0.029336094856262207,0.017715953290462494,0.0,0.0,0.023656392470002174,0.0026908672880381346,0.0,0.0,0.14063429832458496,0.0015506339259445667,0.0,0.0
0.2740919589996338,-0.029336094856262207,0.017715953290462494,0.0,0.0,0.023656392470002174,0.0026908672880381346,0.0,0.0,0.14063429832458496,0.0015506339259445667,0.0,0.0
0.2901902198791504,-0.02928175777196884,0.053546059876680374,0.0,0.0,0.023807939141988754,0.047350410372018814,0.0,0.0,0.14063383638858795,0.0020813909359276295,0.0,0.0
0.3008112907409668,-0.029366998001933098,-0.02841324545443058,0.0,0.0,0.023808671161532402,0.00024430753546766937,0.0,0.0,0.1406276375055313,-0.0020642736926674843,0.0,0.0
0.32205939292907715,-0.029385361820459366,-0.0061214398592710495,0.0,0.0,0.02376866340637207,-0.013336190953850746,0.0,0.0,0.14063051342964172,0.0009577894234098494,0.0,0.0
0.3285050392150879,-0.029341185465455055,0.014725476503372192,0.0,0.0,0.023709332570433617,-0.01977672055363655,0.0,0.0,0.14062795042991638,-0.0008552078506909311,0.0,0.0
0.3373222351074219,-0.029341185465455055,0.014725476503372192,0.0,0.0,0.023709332570433617,-0.01977672055363655,0.0,0.0,0.14062795042991638,-0.0008552078506909311,0.0,0.0
0.34494447708129883,-0.029478594660758972,-0.045802682638168335,0.0,0.0,0.02370748668909073,-0.0006155506707727909,0.0,0.0,0.14062651991844177,-0.00047432922292500734,0.0,0.0
0.3523678779602051,-0.029381943866610527,0.03221665322780609,0.0,0.0,0.023615023121237755,-0.030821098014712334,0.0,0.0,0.14062145352363586,-0.0016915288288146257,0.0,0.0
0.3581418991088867,-0.029381943866610527,0.03221665322780609,0.0,0.0,0.023615023121237755,-0.030821098014712334,0.0,0.0,0.14062145352363586,-0.0016915288288146257,0.0,0.0
0.36331844329833984,-0.029454795643687248,-0.024283936247229576,0.0,0.0,0.02361813373863697,0.0010370854288339615,0.0,0.0,0.1406223028898239,0.00028170333825983107,0.0,0.0
0.3689537048339844,-0.029454795643687248,-0.024283936247229576,0.0,0.0,0.02361813373863697,0.0010370854288339615,0.0,0.0,0.1406223028898239,0.00028170333825983107,0.0,0.0
0.37480592727661133,-0.02942514419555664,0.009883764199912548,0.0,0.0,0.023636486381292343,0.0061173527501523495,0.0,0.0,0.1406332403421402,0.0036467427853494883,0.0,0.0
0.37866735458374023,-0.02936505898833275,0.02002847008407116,0.0,0.0,0.023643136024475098,0.002216706518083811,0.0,0.0,0.1406414657831192,0.0027438318356871605,0.0,0.0
0.381397008895874,-0.02936505898833275,0.02002847008407116,0.0,0.0,0.023643136024475098,0.002216706518083811,0.0,0.0,0.1406414657831192,0.0027438318356871605,0.0,0.0
0.3862800598144531,-0.02936505898833275,0.02002847008407116,0.0,0.0,0.023643136024475098,0.002216706518083811,0.0,0.0,0.1406414657831192,0.0027438318356871605,0.0,0.0
0.3942220211029053,-0.02941587194800377,-0.016937436535954475,0.0,0.0,0.023693835362792015,0.01689957082271576,0.0,0.0,0.14064465463161469,0.001062074676156044,0.0,0.0
0.3980598449707031,-0.0293892752379179,0.008865119889378548,0.0,0.0,0.0236650537699461,-0.009593924507498741,0.0,0.0,0.1406460702419281,0.0004708292835857719,0.0,0.0
0.403059720993042,-0.029161004349589348,0.0760902687907219,0.0,0.0,0.023792985826730728,0.04264431819319725,0.0,0.0,0.1406504064798355,0.0014478962402790785,0.0,0.0
0.40823912620544434,-0.029161004349589348,0.0760902687907219,0.0,0.0,0.023792985826730728,0.04264431819319725,0.0,0.0,0.1406504064798355,0.0014478962402790785,0.0,0.0
0.41428375244140625,-0.029256951063871384,-0.031981997191905975,0.0,0.0,0.023794103413820267,0.0003720373206306249,0.0,0.0,0.14065329730510712,0.0009631486027501523,0.0,0.0
0.4179036617279053,-0.029256951063871384,-0.031981997191905975,0.0,0.0,0.023794103413820267,0.0003720373206306249,0.0,0.0,0.14065329730510712,0.0009631486027501523,0.0,0.0
0.4233546257019043,-0.029378948733210564,-0.040666017681360245,0.0,0.0,0.02379969134926796,0.0018628411926329136,0.0,0.0,0.140642449259758,-0.0036153746768832207,0.0,0.0
0.4294402599334717,-0.029378948733210564,-0.040666017681360245,0.0,0.0,0.02379969134926796,0.0018628411926329136,0.0,0.0,0.140642449259758,-0.0036153746768832207,0.0,0.0
0.4346766471862793,-0.029335932806134224,0.009694164618849754,0.0,0.0,0.023668881505727768,-0.013165103271603584,0.0,0.0,0.140644833445549,0.0017808146076276898,0.0,0.0
0.43796610832214355,-0.029365016147494316,0.01380020659416914,0.0,0.0,0.02370837703347206,-0.018837526440620422,0.0,0.0,0.1406394988298416,-0.0012812562054023147,0.0,0.0
0.44181394577026367,-0.029335932806134224,0.009694164618849754,0.0,0.0,0.023668881505727768,-0.013165103271603584,0.0,0.0,0.140644833445549,0.0017808146076276898,0.0,0.0
0.4450569152832031,-0.02937927469611168,-0.014446990564465523,0.0,0.0,0.023632586002349854,-0.012098748236894608,0.0,0.0,0.14062701165676117,-0.00594297144562006,0.0,0.0
0.44883084297180176,-0.02937927469611168,-0.014446990564465523,0.0,0.0,0.023632586002349854,-0.012098748236894608,0.0,0.0,0.14062701165676117,-0.00594297144562006,0.0,0.0
0.4527261257171631,-0.029365479946136475,0.004597887396812439,0.0,0.0,0.023603016510605812,-0.009856147691607475,0.0,0.0,0.1406271755695343,5.384287578635849e-05,0.0,0.0
0.4581141471862793,-0.029365479946136475,0.004597887396812439,0.0,0.0,0.023603016510605812,-0.009856147691607475,0.0,0.0,0.1406271755695343,5.384287578635849e-05,0.0,0.0
0.46189093589782715,-0.029430512338876724,-0.021677469834685326,0.0,0.0,0.02366228960454464,0.019757699221372604,0.0,0.0,0.14062829315662384,0.00037631281884387136,0.0,0.0
0.4671444892883301,-0.029430512338876724,-0.021677469834685326,0.0,0.0,0.02366228960454464,0.019757699221372604,0.0,0.0,0.14062829315662384,0.00037631281884387136,0.0,0.0
0.4700033664703369,-0.029430512338876724,-0.021677469834685326,0.0,0.0,0.02366228960454464,0.019757699221372604,0.0,0.0,0.14062829315662384,0.00037631281884387136,0.0,0.0
0.4753897190093994,-0.029331879690289497,0.019880346953868866,0.0,0.0,0.023682592436671257,0.002106280764564872,0.0,0.0,0.140644371509552,0.0042917910031974316,0.0,0.0
0.4811582565307617,-0.029331879690289497,0.019880346953868866,0.0,0.0,0.023682592436671257,0.002106280764564872,0.0,0.0,0.140644371509552,0.0042917910031974316,0.0,0.0
0.4870114326477051,-0.029437299817800522,-0.03513992950320244,0.0,0.0,0.023688428103923798,0.0019453990971669555,0.0,0.0,0.14064335823059082,-0.0003346667217556387,0.0,0.0
0.4918382167816162,-0.02927328459918499,0.05467160791158676,0.0,0.0,0.02381342090666294,0.0416644848883152,0.0,0.0,0.14064662158489227,0.0010885301744565368,0.0,0.0
0.4950101375579834,-0.02927328459918499,0.05467160791158676,0.0,0.0,0.02381342090666294,0.0416644848883152,0.0,0.0,0.14064662158489227,0.0010885301744565368,0.0,0.0
0.5000107288360596,-0.0293254517018795,-0.017389224842190742,0.0,0.0,0.023806193843483925,-0.0024094167165458202,0.0,0.0,0.14064013957977295,-0.0021636663004755974,0.0,0.0
0.5074446201324463,-0.0293254517018795,-0.017389224842190742,0.0,0.0,0.023806193843483925,-0.0024094167165458202,0.0,0.0,0.14064013957977295,-0.0021636663004755974,0.0,0.0
0.5118365287780762,-0.029306622222065926,0.006276868283748627,0.0,0.0,0.023759352043271065,-0.015613725408911705,0.0,0.0,0.14064247906208038,0.0007814301643520594,0.0,0.0
0.5191264152526855,-0.02929386869072914,0.004250904079526663,0.0,0.0,0.023715946823358536,-0.014468762092292309,0.0,0.0,0.1406501978635788,0.0025701471604406834,0.0,0.0
0.5230863094329834,-0.029375828802585602,-0.027319660410284996,0.0,0.0,0.023706598207354546,-0.0031158211641013622,0.0,0.0,0.14064182341098785,-0.0027896296232938766,0.0,0.0
0.5259082317352295,-0.029375828802585602,-0.027319660410284996,0.0,0.0,0.023706598207354546,-0.0031158211641013622,0.0,0.0,0.14064182341098785,-0.0027896296232938766,0.0,0.0
0.5287182331085205,-0.029375828802585602,-0.027319660410284996,0.0,0.0,0.023706598207354546,-0.0031158211641013622,0.0,0.0,0.14064182341098785,-0.0027896296232938766,0.0,0.0
0.5442192554473877,-0.02937760017812252,-0.04300207644701004,0.0,0.0,0.02379712462425232,0.002856190549209714,0.0,0.0,0.1406370997428894,-0.002041130093857646,0.0,0.0
0.5485649108886719,-0.029414724558591843,-0.012375115416944027,0.0,0.0,0.02376485988497734,-0.010754832997918129,0.0,0.0,0.14063973724842072,0.0008803433738648891,0.0,0.0
0.552976131439209,-0.029414724558591843,-0.012375115416944027,0.0,0.0,0.02376485988497734,-0.010754832997918129,0.0,0.0,0.14063973724842072,0.0008803433738648891,0.0,0.0
0.5586864948272705,-0.029414724558591843,-0.012375115416944027,0.0,0.0,0.02376485988497734,-0.010754832997918129,0.0,0.0,0.14063973724842072,0.0008803433738648891,0.0,0.0
0.5654895305633545,-0.029376395046710968,0.01277658250182867,0.0,0.0,0.02371038869023323,-0.0181567445397377,0.0,0.0,0.14063605666160583,-0.0012309618759900331,0.0,0.0
0.5741157531738281,-0.029315639287233353,0.02025182545185089,0.0,0.0,0.023661792278289795,-0.016198765486478806,0.0,0.0,0.14063414931297302,-0.0006352659547701478,0.0,0.0
0.5774166584014893,-0.029396697878837585,-0.04324923828244209,0.0,0.0,0.023838121443986893,0.00597387133166194,0.0,0.0,0.14062944054603577,-0.0008828996797092259,0.0,0.0
0.5841290950775146,-0.029396697878837585,-0.04324923828244209,0.0,0.0,0.023838121443986893,0.00597387133166194,0.0,0.0,0.14062944054603577,-0.0008828996797092259,0.0,0.0
0.5882248878479004,-0.029384680092334747,0.004006377421319485,0.0,0.0,0.02378394640982151,-0.018058404326438904,0.0,0.0,0.14062322676181793,-0.0020710157696157694,0.0,0.0
0.5940310955047607,-0.029384680092334747,0.004006377421319485,0.0,0.0,0.02378394640982151,-0.018058404326438904,0.0,0.0,0.14062322676181793,-0.0020710157696157694,0.0,0.0
0.5970926284790039,-0.029384680092334747,0.004006377421319485,0.0,0.0,0.02378394640982151,-0.018058404326438904,0.0,0.0,0.14062322676181793,-0.0020710157696157694,0.0,0.0
0.6037859916687012,-0.029384680092334747,0.004006377421319485,0.0,0.0,0.02378394640982151,-0.018058404326438904,0.0,0.0,0.14062322676181793,-0.0020710157696157694,0.0,0.0
0.6084432601928711,-0.02932107448577881,0.018034402281045914,0.0,0.0,0.02367851324379444,-0.020041784271597862,0.0,0.0,0.1406244933605194,-0.0007471740245819092,0.0,0.0
0.618394136428833,-0.02932107448577881,0.018034402281045914,0.0,0.0,0.02367851324379444,-0.020041784271597862,0.0,0.0,0.1406244933605194,-0.0007471740245819092,0.0,0.0
0.6253423690795898,-0.02932107448577881,0.018034402281045914,0.0,0.0,0.02367851324379444,-0.020041784271597862,0.0,0.0,0.1406244933605194,-0.0007471740245819092,0.0,0.0
0.6322734355926514,-0.02945352904498577,-0.04415144398808479,0.0,0.0,0.02367941103875637,0.0002991602523252368,0.0,0.0,0.14062345027923584,-0.0003434157697483897,0.0,0.0
0.6351573467254639,-0.02945352904498577,-0.04415144398808479,0.0,0.0,0.02367941103875637,0.0002991602523252368,0.0,0.0,0.14062345027923584,-0.0003434157697483897,0.0,0.0
0.638603925704956,-0.029365766793489456,0.029254009947180748,0.0,0.0,0.023591620847582817,-0.029263516888022423,0.0,0.0,0.14061635732650757,-0.0023659970611333847,0.0,0.0
0.6433067321777344,-0.029365766793489456,0.029254009947180748,0.0,0.0,0.023591620847582817,-0.029263516888022423,0.0,0.0,0.14061635732650757,-0.0023659970611333847,0.0,0.0
0.651085376739502,-0.029387667775154114,-0.007300315424799919,0.0,0.0,0.02362212911248207,0.010169816203415394,0.0,0.0,0.14061670005321503,0.00011627040657913312,0.0,0.0
0.6573548316955566,-0.029387667775154114,-0.007300315424799919,0.0,0.0,0.02362212911248207,0.010169816203415394,0.0,0.0,0.14061670005321503,0.00011627040657913312,0.0,0.0
0.6650373935699463,-0.029387667775154114,-0.007300315424799919,0.0,0.0,0.02362212911248207,0.010169816203415394,0.0,0.0,0.14061670005321503,0.00011627040657913312,0.0,0.0
0.6703355312347412,-0.029387667775154114,-0.007300315424799919,0.0,0.0,0.02362212911248207,0.010169816203415394,0.0,0.0,0.14061670005321503,0.00011627040657913312,0.0,0.0
0.6733343601226807,-0.02936108037829399,0.008862420916557312,0.0,0.0,0.023643886670470238,0.0072521972469985485,0.0,0.0,0.14062407612800598,0.0024552918039262295,0.0,0.0
0.676232099533081,-0.02936108037829399,0.008862420916557312,0.0,0.0,0.023643886670470238,0.0072521972469985485,0.0,0.0,0.14062407612800598,0.0024552918039262295,0.0,0.0
0.6829051971435547,-0.029424959793686867,-0.02129329741001129,0.0,0.0,0.023696841672062874,0.0176519975066185,0.0,0.0,0.14062021672725677,-0.0012871624203398824,0.0,0.0
0.6887028217315674,-0.029424959793686867,-0.02129329741001129,0.0,0.0,0.023696841672062874,0.0176519975066185,0.0,0.0,0.14062021672725677,-0.0012871624203398824,0.0,0.0
0.6938300132751465,-0.029397806152701378,0.009051606059074402,0.0,0.0,0.0236669834703207,-0.009952975437045097,0.0,0.0,0.14061890542507172,-0.00043565520900301635,0.0,0.0
0.6983692646026611,-0.029397806152701378,0.009051606059074402,0.0,0.0,0.0236669834703207,-0.009952975437045097,0.0,0.0,0.14061890542507172,-0.00043565520900301635,0.0,0.0
0.7048685550689697,-0.02933621034026146,0.020531434565782547,0.0,0.0,0.02366545796394348,-0.0005083598080091178,0.0,0.0,0.14062990248203278,0.003663680050522089,0.0,0.0
0.7109682559967041,-0.029386280104517937,-0.033370137214660645,0.0,0.0,0.023846114054322243,0.0002799048088490963,0.0,0.0,0.1406267136335373,-0.0025131513830274343,0.0,0.0
0.7150125503540039,-0.029386280104517937,-0.033370137214660645,0.0,0.0,0.023846114054322243,0.0002799048088490963,0.0,0.0,0.1406267136335373,-0.0025131513830274343,0.0,0.0
0.7217650413513184,-0.029386280104517937,-0.033370137214660645,0.0,0.0,0.023846114054322243,0.0002799048088490963,0.0,0.0,0.1406267136335373,-0.0025131513830274343,0.0,0.0
0.7302000522613525,-0.029386280104517937,-0.033370137214660645,0.0,0.0,0.023846114054322243,0.0002799048088490963,0.0,0.0,0.1406267136335373,-0.0025131513830274343,0.0,0.0
0.7353661060333252,-0.029386280104517937,-0.033370137214660645,0.0,0.0,0.023846114054322243,0.0002799048088490963,0.0,0.0,0.1406267136335373,-0.0025131513830274343,0.0,0.0
0.741966962814331,-0.02936629205942154,0.006662910804152489,0.0,0.0,0.023795366287231445,-0.016916219145059586,0.0,0.0,0.1406235545873642,-0.0010531331645324826,0.0,0.0
0.74759840965271,-0.02936629205942154,0.006662910804152489,0.0,0.0,0.023795366287231445,-0.016916219145059586,0.0,0.0,0.1406235545873642,-0.0010531331645324826,0.0,0.0
0.754697322845459,-0.029341770336031914,0.008173835463821888,0.0,0.0,0.023740969598293304,-0.01813230663537979,0.0,0.0,0.140626922249794,0.001125785056501627,0.0,0.0
0.7604320049285889,-0.029341770336031914,0.008173835463821888,0.0,0.0,0.023740969598293304,-0.01813230663537979,0.0,0.0,0.140626922249794,0.001125785056501627,0.0,0.0
0.7636208534240723,-0.029341770336031914,0.008173835463821888,0.0,0.0,0.023740969598293304,-0.01813230663537979,0.0,0.0,0.140626922249794,0.001125785056501627,0.0,0.0
0.7688384056091309,-0.029325857758522034,0.00530394958332181,0.0,0.0,0.023695826530456543,-0.015047501772642136,0.0,0.0,0.1406347006559372,0.002592765726149082,0.0,0.0
0.7738931179046631,-0.029325857758522034,0.00530394958332181,0.0,0.0,0.023695826530456543,-0.015047501772642136,0.0,0.0,0.1406347006559372,0.002592765726149082,0.0,0.0
0.7874038219451904,-0.029404107481241226,-0.026083113625645638,0.0,0.0,0.02368873730301857,-0.0023630664218217134,0.0,0.0,0.1406276375055313,-0.0023570749908685684,0.0,0.0
0.7915647029876709,-0.029404107481241226,-0.026083113625645638,0.0,0.0,0.02368873730301857,-0.0023630664218217134,0.0,0.0,0.1406276375055313,-0.0023570749908685684,0.0,0.0
0.7964396476745605,-0.029404107481241226,-0.026083113625645638,0.0,0.0,0.02368873730301857,-0.0023630664218217134,0.0,0.0,0.1406276375055313,-0.0023570749908685684,0.0,0.0
0.7996981143951416,-0.029404107481241226,-0.026083113625645638,0.0,0.0,0.02368873730301857,-0.0023630664218217134,0.0,0.0,0.1406276375055313,-0.0023570749908685684,0.0,0.0
0.8031268119812012,-0.029404107481241226,-0.026083113625645638,0.0,0.0,0.02368873730301857,-0.0023630664218217134,0.0,0.0,0.1406276375055313,-0.0023570749908685684,0.0,0.0
0.81024169921875,-0.02931349352002144,0.0196746364235878,0.0,0.0,0.02362138219177723,-0.023329678922891617,0.0,0.0,0.1406370848417282,0.0016241115517914295,0.0,0.0
0.8149759769439697,-0.029406771063804626,-0.0310929287225008,0.0,0.0,0.02362825907766819,0.0022920584306120872,0.0,0.0,0.1406383365392685,0.0004155028727836907,0.0,0.0
0.8188605308532715,-0.02938487008213997,0.007300445809960365,0.0,0.0,0.023641418665647507,0.00438665458932519,0.0,0.0,0.1406412124633789,0.0009591957787051797,0.0,0.0
0.8224692344665527,-0.02942091040313244,-0.031261492520570755,0.0,0.0,0.023650942370295525,0.0021297279745340347,0.0,0.0,0.14063715934753418,-0.0027011679485440254,0.0,0.0
0.8325698375701904,-0.02942091040313244,-0.031261492520570755,0.0,0.0,0.023650942370295525,0.0021297279745340347,0.0,0.0,0.14063715934753418,-0.0027011679485440254,0.0,0.0
0.840559720993042,-0.02927563339471817,0.04842562973499298,0.0,0.0,0.023785369470715523,0.04480873420834541,0.0,0.0,0.1406421661376953,0.0016680803382769227,0.0,0.0
0.849179744720459,-0.02937028743326664,-0.031551312655210495,0.0,0.0,0.023784298449754715,-0.0003569893888197839,0.0,0.0,0.14063605666160583,-0.002034952864050865,0.0,0.0
0.862884521484375,-0.02937028743326664,-0.031551312655210495,0.0,0.0,0.023784298449754715,-0.0003569893888197839,0.0,0.0,0.14063605666160583,-0.002034952864050865,0.0,0.0
0.8673877716064453,-0.029369207099080086,0.00036035681841894984,0.0,0.0,0.023742876946926117,-0.013807344250380993,0.0,0.0,0.14063704013824463,0.0003254415059927851,0.0,0.0
0.8731424808502197,-0.029369207099080086,0.00036035681841894984,0.0,0.0,0.023742876946926117,-0.013807344250380993,0.0,0.0,0.14063704013824463,0.0003254415059927851,0.0,0.0
0.8785738945007324,-0.029369207099080086,0.00036035681841894984,0.0,0.0,0.023742876946926117,-0.013807344250380993,0.0,0.0,0.14063704013824463,0.0003254415059927851,0.0,0.0
0.8822360038757324,-0.029431181028485298,-0.03269617259502411,0.0,0.0,0.0236944779753685,0.0006606578826904297,0.0,0.0,0.1406334936618805,-0.0010769662912935019,0.0,0.0
0.8861660957336426,-0.029431181028485298,-0.03269617259502411,0.0,0.0,0.0236944779753685,0.0006606578826904297,0.0,0.0,0.1406334936618805,-0.0010769662912935019,0.0,0.0
0.8898801803588867,-0.029412683099508286,0.0061661358922719955,0.0,0.0,0.02365744486451149,-0.0123446024954319,0.0,0.0,0.14063382148742676,0.0001082076269085519,0.0,0.0
0.8997836112976074,-0.029412683099508286,0.0061661358922719955,0.0,0.0,0.02365744486451149,-0.0123446024954319,0.0,0.0,0.14063382148742676,0.0001082076269085519,0.0,0.0
0.9042990207672119,-0.02934086322784424,0.023939738050103188,0.0,0.0,0.023576389998197556,-0.02701794169843197,0.0,0.0,0.14063608646392822,0.0007585457642562687,0.0,0.0
0.9106354713439941,-0.029396725818514824,0.009419608861207962,0.0,0.0,0.02360258251428604,0.005813974887132645,0.0,0.0,0.14064054191112518,0.0010893243597820401,0.0,0.0
0.9139189720153809,-0.02934086322784424,0.023939738050103188,0.0,0.0,0.023576389998197556,-0.02701794169843197,0.0,0.0,0.14063608646392822,0.0007585457642562687,0.0,0.0
0.9187099933624268,-0.029396725818514824,0.009419608861207962,0.0,0.0,0.02360258251428604,0.005813974887132645,0.0,0.0,0.14064054191112518,0.0010893243597820401,0.0,0.0
0.9219050407409668,-0.029396725818514824,0.009419608861207962,0.0,0.0,0.02360258251428604,0.005813974887132645,0.0,0.0,0.14064054191112518,0.0010893243597820401,0.0,0.0
0.9244742393493652,-0.029396725818514824,0.009419608861207962,0.0,0.0,0.02360258251428604,0.005813974887132645,0.0,0.0,0.14064054191112518,0.0010893243597820401,0.0,0.0
0.9270992279052734,-0.029443727806210518,-0.01566745527088642,0.0,0.0,0.023654157295823097,0.017191966995596886,0.0,0.0,0.14063595235347748,-0.001530705252662301,0.0,0.0
0.9340715408325195,-0.02941356971859932,0.010052635334432125,0.0,0.0,0.023672420531511307,0.006087476387619972,0.0,0.0,0.14064154028892517,0.0018613688880577683,0.0,0.0
0.9372429847717285,-0.029366688802838326,0.015626905485987663,0.0,0.0,0.02363840863108635,-0.011337274685502052,0.0,0.0,0.14064237475395203,0.00028019637102261186,0.0,0.0
0.9417223930358887,-0.029366688802838326,0.015626905485987663,0.0,0.0,0.02363840863108635,-0.011337274685502052,0.0,0.0,0.14064237475395203,0.00028019637102261186,0.0,0.0
0.948566198348999,-0.029293181374669075,0.024502364918589592,0.0,0.0,0.023800719529390335,0.054103732109069824,0.0,0.0,0.14063800871372223,-0.0014549995539709926,0.0,0.0
0.9530999660491943,-0.02942805364727974,-0.04495711997151375,0.0,0.0,0.023816704750061035,0.005328443367034197,0.0,0.0,0.1406358778476715,-0.000710167340002954,0.0,0.0
0.9581551551818848,-0.029415125027298927,0.004309473559260368,0.0,0.0,0.023766839876770973,-0.016621574759483337,0.0,0.0,0.14063048362731934,-0.0017977937823161483,0.0,0.0
0.9642312526702881,-0.029415125027298927,0.004309473559260368,0.0,0.0,0.023766839876770973,-0.016621574759483337,0.0,0.0,0.14063048362731934,-0.0017977937823161483,0.0,0.0
0.9756348133087158,-0.029404427856206894,0.0035653847735375166,0.0,0.0,0.023723842576146126,-0.014332640916109085,0.0,0.0,0.14063432812690735,0.0012795026414096355,0.0,0.0
0.9833109378814697,-0.029469184577465057,-0.04064646735787392,0.0,0.0,0.02366318553686142,-0.0002429048763588071,0.0,0.0,0.14063303172588348,0.0004169718886259943,0.0,0.0
0.9869434833526611,-0.029377151280641556,0.030677765607833862,0.0,0.0,0.023574523627758026,-0.0295534897595644,0.0,0.0,0.1406259834766388,-0.0023492814507335424,0.0,0.0
0.9919013977050781,-0.029377151280641556,0.030677765607833862,0.0,0.0,0.023574523627758026,-0.0295534897595644,0.0,0.0,0.1406259834766388,-0.0023492814507335424,0.0,0.0
0.9985969066619873,-0.02939797192811966,-0.006940154358744621,0.0,0.0,0.023605091497302055,0.010189255699515343,0.0,0.0,0.14062638580799103,0.0001360512396786362,0.0,0.0
1.0045688152313232,-0.02939797192811966,-0.006940154358744621,0.0,0.0,0.023605091497302055,0.010189255699515343,0.0,0.0,0.14062638580799103,0.0001360512396786362,0.0,0.0
1.0104565620422363,-0.0294679943472147,-0.02334081567823887,0.0,0.0,0.023670971393585205,0.021959910169243813,0.0,0.0,0.1406278908252716,0.0004992596805095673,0.0,0.0
1.0164134502410889,-0.0294679943472147,-0.02334081567823887,0.0,0.0,0.023670971393585205,0.021959910169243813,0.0,0.0,0.1406278908252716,0.0004992596805095673,0.0,0.0
1.0209465026855469,-0.029368223622441292,0.020634660497307777,0.0,0.0,0.023645972833037376,-0.012528869323432446,0.0,0.0,0.14063812792301178,0.0019130328437313437,0.0,0.0
1.0260870456695557,-0.029368223622441292,0.020634660497307777,0.0,0.0,0.023645972833037376,-0.012528869323432446,0.0,0.0,0.14063812792301178,0.0019130328437313437,0.0,0.0
1.0346529483795166,-0.029368223622441292,0.020634660497307777,0.0,0.0,0.023645972833037376,-0.012528869323432446,0.0,0.0,0.14063812792301178,0.0019130328437313437,0.0,0.0
1.0441296100616455,-0.029410995543003082,-0.014256981201469898,0.0,0.0,0.02368881367146969,0.014280109666287899,0.0,0.0,0.1406421810388565,0.0013493957230821252,0.0,0.0
1.0484158992767334,-0.029410995543003082,-0.014256981201469898,0.0,0.0,0.02368881367146969,0.014280109666287899,0.0,0.0,0.1406421810388565,0.0013493957230821252,0.0,0.0
1.0683882236480713,-0.029294375330209732,0.00923161394894123,0.0,0.0,0.023778632283210754,-0.018456215038895607,0.0,0.0,0.14064854383468628,-0.0007648069877177477,0.0,0.0
1.0725326538085938,-0.029294375330209732,0.00923161394894123,0.0,0.0,0.023778632283210754,-0.018456215038895607,0.0,0.0,0.14064854383468628,-0.0007648069877177477,0.0,0.0
1.080510139465332,-0.029439814388751984,-0.04847987741231918,0.0,0.0,0.023774467408657074,-0.0013883125502616167,0.0,0.0,0.1406477391719818,-0.0002688301610760391,0.0,0.0
1.0861880779266357,-0.02942373789846897,0.005359011702239513,0.0,0.0,0.02372610941529274,-0.016119591891765594,0.0,0.0,0.140642911195755,-0.0016107631381601095,0.0,0.0
1.0901834964752197,-0.029405731707811356,0.006001861300319433,0.0,0.0,0.023687606677412987,-0.012834384106099606,0.0,0.0,0.1406472772359848,0.0014584941091015935,0.0,0.0
1.0954790115356445,-0.029264725744724274,0.047002024948596954,0.0,0.0,0.023577438667416573,-0.036722391843795776,0.0,0.0,0.14063476026058197,-0.004172347020357847,0.0,0.0
1.1033177375793457,-0.029327858239412308,-0.02104414626955986,0.0,0.0,0.02357565052807331,-0.0005959212430752814,0.0,0.0,0.1406315118074417,-0.0010827837977558374,0.0,0.0
1.1063594818115234,-0.029327858239412308,-0.02104414626955986,0.0,0.0,0.02357565052807331,-0.0005959212430752814,0.0,0.0,0.1406315118074417,-0.0010827837977558374,0.0,0.0
1.1092939376831055,-0.02941029518842697,-0.027479205280542374,0.0,0.0,0.02364201843738556,0.022122466936707497,0.0,0.0,0.14063148200511932,-9.506196875008754e-06,0.0,0.0
1.1217329502105713,-0.029349811375141144,0.0160065945237875,0.0,0.0,0.023679254576563835,0.00276545318774879,0.0,0.0,0.14064204692840576,0.0014277300797402859,0.0,0.0
1.1263699531555176,-0.029349811375141144,0.0160065945237875,0.0,0.0,0.023679254576563835,0.00276545318774879,0.0,0.0,0.14064204692840576,0.0014277300797402859,0.0,0.0
1.1318328380584717,-0.02929476462304592,0.01834884099662304,0.0,0.0,0.023643160238862038,-0.012031560763716698,0.0,0.0,0.14064325392246246,0.00040390327922068536,0.0,0.0
1.1359949111938477,-0.02929476462304592,0.01834884099662304,0.0,0.0,0.023643160238862038,-0.012031560763716698,0.0,0.0,0.14064325392246246,0.00040390327922068536,0.0,0.0
1.1392207145690918,-0.029230039566755295,0.021575134247541428,0.0,0.0,0.02381260134279728,0.05647994950413704,0.0,0.0,0.14064358174800873,0.00010651315824361518,0.0,0.0
1.1427907943725586,-0.029230039566755295,0.021575134247541428,0.0,0.0,0.02381260134279728,0.05647994950413704,0.0,0.0,0.14064358174800873,0.00010651315824361518,0.0,0.0
1.1504786014556885,-0.029477203264832497,-0.049705203622579575,0.0,0.0,0.023672595620155334,0.00027570375823415816,0.0,0.0,0.14062878489494324,0.00021348842710722238,0.0,0.0
1.1560022830963135,-0.02940097264945507,0.025409972295165062,0.0,0.0,0.023587966337800026,-0.028210191056132317,0.0,0.0,0.140621617436409,-0.002390774432569742,0.0,0.0
1.164245843887329,-0.029385728761553764,0.012933730147778988,0.0,0.0,0.023640871047973633,0.007043133489787579,0.0,0.0,0.1406313180923462,0.0033130343072116375,0.0,0.0
1.167604923248291,-0.029385728761553764,0.012933730147778988,0.0,0.0,0.023640871047973633,0.007043133489787579,0.0,0.0,0.1406313180923462,0.0033130343072116375,0.0,0.0
1.17140531539917,-0.029385728761553764,0.012933730147778988,0.0,0.0,0.023640871047973633,0.007043133489787579,0.0,0.0,0.1406313180923462,0.0033130343072116375,0.0,0.0
1.1751899719238281,-0.029313677921891212,0.0240173377096653,0.0,0.0,0.02364528737962246,0.001472174539230764,0.0,0.0,0.1406421810388565,0.0036209046375006437,0.0,0.0
1.1790378093719482,-0.029313677921891212,0.0240173377096653,0.0,0.0,0.02364528737962246,0.001472174539230764,0.0,0.0,0.1406421810388565,0.0036209046375006437,0.0,0.0
1.1878831386566162,-0.029398564249277115,-0.028295980766415596,0.0,0.0,0.02365155704319477,0.002090262249112129,0.0,0.0,0.14064112305641174,-0.0003491923853289336,0.0,0.0
1.1919798851013184,-0.029217738658189774,0.06027548387646675,0.0,0.0,0.023792428895831108,0.046957094222307205,0.0,0.0,0.14065073430538177,0.00320120039395988,0.0,0.0
1.1971702575683594,-0.029289610683918,-0.023957345634698868,0.0,0.0,0.02379113994538784,-0.0004293966630939394,0.0,0.0,0.14064770936965942,-0.0010051801800727844,0.0,0.0
1.2018821239471436,-0.029289610683918,-0.023957345634698868,0.0,0.0,0.02379113994538784,-0.0004293966630939394,0.0,0.0,0.14064770936965942,-0.0010051801800727844,0.0,0.0
1.2046921253204346,-0.029483163729310036,-0.06451765447854996,0.0,0.0,0.02379727177321911,0.0020435750484466553,0.0,0.0,0.14064615964889526,-0.0005199193255975842,0.0,0.0
1.2125842571258545,-0.029483163729310036,-0.06451765447854996,0.0,0.0,0.02379727177321911,0.0020435750484466553,0.0,0.0,0.14064615964889526,-0.0005199193255975842,0.0,0.0
1.2212209701538086,-0.029476488009095192,0.00222537899389863,0.0,0.0,0.02375253662467003,-0.01491179782897234,0.0,0.0,0.14064422249794006,-0.0006424280581995845,0.0,0.0
1.2310593128204346,-0.029404766857624054,0.023906584829092026,0.0,0.0,0.023679938167333603,-0.024199141189455986,0.0,0.0,0.1406422257423401,-0.0006682913517579436,0.0,0.0
1.2381601333618164,-0.029404766857624054,0.023906584829092026,0.0,0.0,0.023679938167333603,-0.024199141189455986,0.0,0.0,0.1406422257423401,-0.0006682913517579436,0.0,0.0
1.2450213432312012,-0.029335958883166313,0.02293638326227665,0.0,0.0,0.023669440299272537,-0.0034992911387234926,0.0,0.0,0.14065049588680267,0.0027589998207986355,0.0,0.0
1.2479572296142578,-0.029335958883166313,0.02293638326227665,0.0,0.0,0.023669440299272537,-0.0034992911387234926,0.0,0.0,0.14065049588680267,0.0027589998207986355,0.0,0.0
1.2548906803131104,-0.029346635565161705,0.014688179828226566,0.0,0.0,0.023672951385378838,-0.013425114564597607,0.0,0.0,0.14064908027648926,-0.0009802766144275665,0.0,0.0
1.260345220565796,-0.029346635565161705,0.014688179828226566,0.0,0.0,0.023672951385378838,-0.013425114564597607,0.0,0.0,0.14064908027648926,-0.0009802766144275665,0.0,0.0
1.264915943145752,-0.029402853921055794,-0.018739506602287292,0.0,0.0,0.023712357506155968,0.013135408982634544,0.0,0.0,0.14064790308475494,-0.000390530884033069,0.0,0.0
1.2717664241790771,-0.029294585809111595,0.0360892154276371,0.0,0.0,0.023617135360836983,-0.03174050524830818,0.0,0.0,0.1406339854001999,-0.004639487713575363,0.0,0.0
1.2756187915802002,-0.029294585809111595,0.0360892154276371,0.0,0.0,0.023617135360836983,-0.03174050524830818,0.0,0.0,0.1406339854001999,-0.004639487713575363,0.0,0.0
1.2818405628204346,-0.02937706932425499,-0.027494454756379128,0.0,0.0,0.0236135832965374,-0.0011839134385809302,0.0,0.0,0.14062803983688354,-0.0019855108112096786,0.0,0.0
1.2876696586608887,-0.02943473495543003,0.010783536359667778,0.0,0.0,0.02366548776626587,-0.011612018570303917,0.0,0.0,0.14063403010368347,0.0008889015298336744,0.0,0.0
1.295466423034668,-0.02943473495543003,0.010783536359667778,0.0,0.0,0.02366548776626587,-0.011612018570303917,0.0,0.0,0.14063403010368347,0.0008889015298336744,0.0,0.0
1.2986624240875244,-0.02943473495543003,0.010783536359667778,0.0,0.0,0.02366548776626587,-0.011612018570303917,0.0,0.0,0.14063403010368347,0.0008889015298336744,0.0,0.0
1.3029382228851318,-0.029360515996813774,0.024739811196923256,0.0,0.0,0.02365798130631447,-0.00250267144292593,0.0,0.0,0.14063897728919983,0.0016494961455464363,0.0,0.0
1.3155107498168945,-0.02939615398645401,-0.036829862743616104,0.0,0.0,0.023840244859457016,0.0006654285243712366,0.0,0.0,0.14063268899917603,-0.002474686363711953,0.0,0.0
1.3200318813323975,-0.029425712302327156,-0.009852959774434566,0.0,0.0,0.023795679211616516,-0.014855016954243183,0.0,0.0,0.14063499867916107,0.0007666738238185644,0.0,0.0
1.3261137008666992,-0.029453840106725693,0.0023254866246134043,0.0,0.0,0.02363492362201214,0.008988452143967152,0.0,0.0,0.14063912630081177,0.0021517504937946796,0.0,0.0
1.3302583694458008,-0.029453840106725693,0.0023254866246134043,0.0,0.0,0.02363492362201214,0.008988452143967152,0.0,0.0,0.14063912630081177,0.0021517504937946796,0.0,0.0
1.3370349407196045,-0.029453840106725693,0.0023254866246134043,0.0,0.0,0.02363492362201214,0.008988452143967152,0.0,0.0,0.14063912630081177,0.0021517504937946796,0.0,0.0
1.3413584232330322,-0.029453840106725693,0.0023254866246134043,0.0,0.0,0.02363492362201214,0.008988452143967152,0.0,0.0,0.14063912630081177,0.0021517504937946796,0.0,0.0
1.3460376262664795,-0.02951204404234886,-0.034179747104644775,0.0,0.0,0.023650361225008965,0.0028831770177930593,0.0,0.0,0.1406370848417282,-0.0021611580159515142,0.0,0.0
1.3523623943328857,-0.02951204404234886,-0.034179747104644775,0.0,0.0,0.023650361225008965,0.0028831770177930593,0.0,0.0,0.1406370848417282,-0.0021611580159515142,0.0,0.0
1.3560314178466797,-0.029355905950069427,0.05204598605632782,0.0,0.0,0.023792142048478127,0.04726025462150574,0.0,0.0,0.14064109325408936,0.0013388193910941482,0.0,0.0
1.359846591949463,-0.029355905950069427,0.05204598605632782,0.0,0.0,0.023792142048478127,0.04726025462150574,0.0,0.0,0.14064109325408936,0.0013388193910941482,0.0,0.0
1.3665845394134521,-0.029428182169795036,-0.024092061445116997,0.0,0.0,0.02378533035516739,-0.0022703649010509253,0.0,0.0,0.1406332403421402,-0.0026187081821262836,0.0,0.0
1.3702552318572998,-0.029428182169795036,-0.024092061445116997,0.0,0.0,0.02378533035516739,-0.0022703649010509253,0.0,0.0,0.1406332403421402,-0.0026187081821262836,0.0,0.0
1.3801336288452148,-0.029437879100441933,-0.003232027404010296,0.0,0.0,0.023745615035295486,-0.013239022344350815,0.0,0.0,0.1406358778476715,0.0008779881172813475,0.0,0.0
1.388005256652832,-0.02942550741136074,0.004124113824218512,0.0,0.0,0.023701010271906853,-0.014867943711578846,0.0,0.0,0.1406402289867401,0.0014505797298625112,0.0,0.0
1.3935737609863281,-0.02948778308928013,-0.0326310470700264,0.0,0.0,0.023656591773033142,0.0013098919298499823,0.0,0.0,0.14063847064971924,-0.0008782843942753971,0.0,0.0
1.397430181503296,-0.02948778308928013,-0.0326310470700264,0.0,0.0,0.023656591773033142,0.0013098919298499823,0.0,0.0,0.14063847064971924,-0.0008782843942753971,0.0,0.0
1.4013671875,-0.02948778308928013,-0.0326310470700264,0.0,0.0,0.023656591773033142,0.0013098919298499823,0.0,0.0,0.14063847064971924,-0.0008782843942753971,0.0,0.0
1.4124619960784912,-0.02944503165781498,0.01425074227154255,0.0,0.0,0.023657338693737984,0.0002491996274329722,0.0,0.0,0.14063896238803864,0.0001636410888750106,0.0,0.0
1.4156222343444824,-0.029292788356542587,0.05074780434370041,0.0,0.0,0.023547304794192314,-0.036677680909633636,0.0,0.0,0.14062511920928955,-0.004616187419742346,0.0,0.0
1.4193556308746338,-0.029292788356542587,0.05074780434370041,0.0,0.0,0.023547304794192314,-0.036677680909633636,0.0,0.0,0.14062511920928955,-0.004616187419742346,0.0,0.0
1.4226758480072021,-0.029292788356542587,0.05074780434370041,0.0,0.0,0.023547304794192314,-0.036677680909633636,0.0,0.0,0.14062511920928955,-0.004616187419742346,0.0,0.0
1.4266915321350098,-0.02935073897242546,-0.019317375496029854,0.0,0.0,0.023536326363682747,-0.0036597682628780603,0.0,0.0,0.1406232863664627,-0.0006100104073993862,0.0,0.0
1.4304053783416748,-0.02935073897242546,-0.019317375496029854,0.0,0.0,0.023536326363682747,-0.0036597682628780603,0.0,0.0,0.1406232863664627,-0.0006100104073993862,0.0,0.0
1.437192440032959,-0.02953251078724861,-0.032647039741277695,0.0,0.0,0.023667432367801666,0.023631898686289787,0.0,0.0,0.14062288403511047,-0.0002274709549965337,0.0,0.0
1.4458842277526855,-0.029223978519439697,0.08130048215389252,0.0,0.0,0.023780152201652527,0.04741402715444565,0.0,0.0,0.14063683152198792,0.0036891112104058266,0.0,0.0
1.4497075080871582,-0.029223978519439697,0.08130048215389252,0.0,0.0,0.023780152201652527,0.04741402715444565,0.0,0.0,0.14063683152198792,0.0036891112104058266,0.0,0.0
1.4533956050872803,-0.029223978519439697,0.08130048215389252,0.0,0.0,0.023780152201652527,0.04741402715444565,0.0,0.0,0.14063683152198792,0.0036891112104058266,0.0,0.0
1.4587340354919434,-0.02928740903735161,-0.02114376798272133,0.0,0.0,0.023768318817019463,-0.003944638185203075,0.0,0.0,0.14063438773155212,-0.0008142352453432977,0.0,0.0
1.462709665298462,-0.02928740903735161,-0.02114376798272133,0.0,0.0,0.023768318817019463,-0.003944638185203075,0.0,0.0,0.14063438773155212,-0.0008142352453432977,0.0,0.0
1.4684789180755615,-0.02948012202978134,-0.06423775106668472,0.0,0.0,0.02376946620643139,0.00038259263965301216,0.0,0.0,0.14063280820846558,-0.0005270093679428101,0.0,0.0
1.4725613594055176,-0.02948012202978134,-0.06423775106668472,0.0,0.0,0.02376946620643139,0.00038259263965301216,0.0,0.0,0.14063280820846558,-0.0005270093679428101,0.0,0.0
1.4769797325134277,-0.02948012202978134,-0.06423775106668472,0.0,0.0,0.02376946620643139,0.00038259263965301216,0.0,0.0,0.14063280820846558,-0.0005270093679428101,0.0,0.0
1.4814043045043945,-0.029484696686267853,-0.0015248183626681566,0.0,0.0,0.023720359429717064,-0.01636919192969799,0.0,0.0,0.1406264454126358,-0.002120890188962221,0.0,0.0
1.4882259368896484,-0.029484696686267853,-0.0015248183626681566,0.0,0.0,0.023720359429717064,-0.01636919192969799,0.0,0.0,0.1406264454126358,-0.002120890188962221,0.0,0.0
1.4925553798675537,-0.029449814930558205,-0.008805594407022,0.0,0.0,0.02365647815167904,0.011948187835514545,0.0,0.0,0.14063313603401184,-0.00040976889431476593,0.0,0.0
1.49739408493042,-0.029449814930558205,-0.008805594407022,0.0,0.0,0.02365647815167904,0.011948187835514545,0.0,0.0,0.14063313603401184,-0.00040976889431476593,0.0,0.0
1.5017116069793701,-0.02940651774406433,0.014432411640882492,0.0,0.0,0.023666171357035637,0.0032310951501131058,0.0,0.0,0.14064085483551025,0.002572739263996482,0.0,0.0
1.508681297302246,-0.029474934563040733,-0.02280583791434765,0.0,0.0,0.023672813549637794,0.002214225474745035,0.0,0.0,0.14063306152820587,-0.002597848419100046,0.0,0.0
1.5149126052856445,-0.029474934563040733,-0.02280583791434765,0.0,0.0,0.023672813549637794,0.002214225474745035,0.0,0.0,0.14063306152820587,-0.002597848419100046,0.0,0.0
1.5243000984191895,-0.029474934563040733,-0.02280583791434765,0.0,0.0,0.023672813549637794,0.002214225474745035,0.0,0.0,0.14063306152820587,-0.002597848419100046,0.0,0.0
1.5297009944915771,-0.029314186424016953,0.053582604974508286,0.0,0.0,0.023807570338249207,0.044918715953826904,0.0,0.0,0.14064045250415802,0.002463296987116337,0.0,0.0
1.5379409790039062,-0.029314186424016953,0.053582604974508286,0.0,0.0,0.023807570338249207,0.044918715953826904,0.0,0.0,0.14064045250415802,0.002463296987116337,0.0,0.0
1.5467805862426758,-0.02940180152654648,-0.02920485846698284,0.0,0.0,0.023803753778338432,-0.0012722014216706157,0.0,0.0,0.14063531160354614,-0.0017117660026997328,0.0,0.0
1.5520107746124268,-0.02940180152654648,-0.02920485846698284,0.0,0.0,0.023803753778338432,-0.0012722014216706157,0.0,0.0,0.14063531160354614,-0.0017117660026997328,0.0,0.0
1.5746543407440186,-0.029400797560811043,0.027277134358882904,0.0,0.0,0.02356448397040367,-0.03018769435584545,0.0,0.0,0.14062771201133728,-0.00482206279411912,0.0,0.0
1.5793027877807617,-0.029400797560811043,0.027277134358882904,0.0,0.0,0.02356448397040367,-0.03018769435584545,0.0,0.0,0.14062771201133728,-0.00482206279411912,0.0,0.0
1.5841803550720215,-0.029400797560811043,0.027277134358882904,0.0,0.0,0.02356448397040367,-0.03018769435584545,0.0,0.0,0.14062771201133728,-0.00482206279411912,0.0,0.0
1.5886504650115967,-0.029426446184515953,-0.008549124002456665,0.0,0.0,0.02359471470117569,0.010077079758048058,0.0,0.0,0.1406257003545761,-0.0006724796839989722,0.0,0.0
1.5945072174072266,-0.029504815116524696,-0.026123542338609695,0.0,0.0,0.023662187159061432,0.022490503266453743,0.0,0.0,0.14062485098838806,-0.0002849079901352525,0.0,0.0
1.6002545356750488,-0.029504815116524696,-0.026123542338609695,0.0,0.0,0.023662187159061432,0.022490503266453743,0.0,0.0,0.14062485098838806,-0.0002849079901352525,0.0,0.0
1.605515956878662,-0.02947280928492546,0.01066868007183075,0.0,0.0,0.02367492765188217,0.004247286822646856,0.0,0.0,0.14062659442424774,0.0005800455110147595,0.0,0.0
1.6102116107940674,-0.02947280928492546,0.01066868007183075,0.0,0.0,0.02367492765188217,0.004247286822646856,0.0,0.0,0.14062659442424774,0.0005800455110147595,0.0,0.0
1.6145415306091309,-0.029417088255286217,0.018573613837361336,0.0,0.0,0.02363651618361473,-0.01280382089316845,0.0,0.0,0.14062950015068054,0.0009686488774605095,0.0,0.0
1.6209251880645752,-0.029417088255286217,0.018573613837361336,0.0,0.0,0.02363651618361473,-0.01280382089316845,0.0,0.0,0.14062950015068054,0.0009686488774605095,0.0,0.0
1.62601637840271,-0.029417088255286217,0.018573613837361336,0.0,0.0,0.02363651618361473,-0.01280382089316845,0.0,0.0,0.14062950015068054,0.0009686488774605095,0.0,0.0
1.6429049968719482,-0.02935079298913479,0.016830487176775932,0.0,0.0,0.023641062900424004,-0.012873660773038864,0.0,0.0,0.1406434327363968,-0.0002489553880877793,0.0,0.0
1.646418571472168,-0.02935079298913479,0.016830487176775932,0.0,0.0,0.023641062900424004,-0.012873660773038864,0.0,0.0,0.1406434327363968,-0.0002489553880877793,0.0,0.0
1.65291428565979,-0.02935079298913479,0.016830487176775932,0.0,0.0,0.023641062900424004,-0.012873660773038864,0.0,0.0,0.1406434327363968,-0.0002489553880877793,0.0,0.0
1.6563878059387207,-0.02935079298913479,0.016830487176775932,0.0,0.0,0.023641062900424004,-0.012873660773038864,0.0,0.0,0.1406434327363968,-0.0002489553880877793,0.0,0.0
1.6665732860565186,-0.0294133760035038,-0.045723676681518555,0.0,0.0,0.023811722174286842,0.003977634012699127,0.0,0.0,0.1406383216381073,-0.000554779777303338,0.0,0.0
1.6710445880889893,-0.029429668560624123,-0.0054310099221765995,0.0,0.0,0.023762209340929985,-0.016504529863595963,0.0,0.0,0.14063605666160583,-0.000754205510020256,0.0,0.0
1.6745407581329346,-0.029350142925977707,-0.022837677970528603,0.0,0.0,0.023785246536135674,-0.0018525213235989213,0.0,0.0,0.1406288743019104,-0.0012770405737683177,0.0,0.0
1.6816222667694092,-0.029350142925977707,-0.022837677970528603,0.0,0.0,0.023785246536135674,-0.0018525213235989213,0.0,0.0,0.1406288743019104,-0.0012770405737683177,0.0,0.0
1.6856434345245361,-0.02948739193379879,-0.04575004801154137,0.0,0.0,0.023796159774065018,0.0036380833480507135,0.0,0.0,0.14062465727329254,-0.0014052549377083778,0.0,0.0
1.6906559467315674,-0.02948739193379879,-0.04575004801154137,0.0,0.0,0.023796159774065018,0.0036380833480507135,0.0,0.0,0.14062465727329254,-0.0014052549377083778,0.0,0.0
1.6969444751739502,-0.02948739193379879,-0.04575004801154137,0.0,0.0,0.023796159774065018,0.0036380833480507135,0.0,0.0,0.14062465727329254,-0.0014052549377083778,0.0,0.0
1.7072250843048096,-0.02952338568866253,-0.011997421272099018,0.0,0.0,0.023760752752423286,-0.011802639812231064,0.0,0.0,0.14062896370887756,0.0014330983394756913,0.0,0.0
1.71720290184021,-0.029423195868730545,0.02037101425230503,0.0,0.0,0.02365272305905819,-0.01721726730465889,0.0,0.0,0.14062872529029846,0.00019341772713232785,0.0,0.0
1.7213373184204102,-0.029423195868730545,0.02037101425230503,0.0,0.0,0.02365272305905819,-0.01721726730465889,0.0,0.0,0.14062872529029846,0.00019341772713232785,0.0,0.0
1.7280528545379639,-0.029336972162127495,0.02874152734875679,0.0,0.0,0.02356012910604477,-0.030865002423524857,0.0,0.0,0.14063097536563873,0.0007512255106121302,0.0,0.0
1.734684705734253,-0.029501445591449738,-0.0288249459117651,0.0,0.0,0.023624764755368233,0.02237326093018055,0.0,0.0,0.1406312733888626,-2.4515094992239028e-05,0.0,0.0
1.7394556999206543,-0.029501445591449738,-0.0288249459117651,0.0,0.0,0.023624764755368233,0.02237326093018055,0.0,0.0,0.1406312733888626,-2.4515094992239028e-05,0.0,0.0
1.742072343826294,-0.029478736221790314,0.007569765672087669,0.0,0.0,0.02364199422299862,0.005743440240621567,0.0,0.0,0.14063304662704468,0.0005906641599722207,0.0,0.0
1.7450330257415771,-0.029431872069835663,0.015621391125023365,0.0,0.0,0.02360859140753746,-0.0111346784979105,0.0,0.0,0.1406334489583969,0.00013241385750006884,0.0,0.0
1.748669147491455,-0.029431872069835663,0.015621391125023365,0.0,0.0,0.02360859140753746,-0.0111346784979105,0.0,0.0,0.1406334489583969,0.00013241385750006884,0.0,0.0
1.751624345779419,-0.029431872069835663,0.015621391125023365,0.0,0.0,0.02360859140753746,-0.0111346784979105,0.0,0.0,0.1406334489583969,0.00013241385750006884,0.0,0.0
1.7543163299560547,-0.029272619634866714,0.06839186698198318,0.0,0.0,0.02380579523742199,0.05024334415793419,0.0,0.0,0.14063408970832825,0.0003098871966358274,0.0,0.0
1.7579829692840576,-0.029272619634866714,0.06839186698198318,0.0,0.0,0.02380579523742199,0.05024334415793419,0.0,0.0,0.14063408970832825,0.0003098871966358274,0.0,0.0
1.7631630897521973,-0.029272619634866714,0.06839186698198318,0.0,0.0,0.02380579523742199,0.05024334415793419,0.0,0.0,0.14063408970832825,0.0003098871966358274,0.0,0.0
1.7676124572753906,-0.02931967005133629,-0.01568366028368473,0.0,0.0,0.023794766515493393,-0.003676410997286439,0.0,0.0,0.1406262069940567,-0.002622904721647501,0.0,0.0
1.7717907428741455,-0.02931967005133629,-0.01568366028368473,0.0,0.0,0.023794766515493393,-0.003676410997286439,0.0,0.0,0.1406262069940567,-0.002622904721647501,0.0,0.0
1.7791097164154053,-0.02931967005133629,-0.01568366028368473,0.0,0.0,0.023794766515493393,-0.003676410997286439,0.0,0.0,0.1406262069940567,-0.002622904721647501,0.0,0.0
1.7852022647857666,-0.029490385204553604,-0.056905146688222885,0.0,0.0,0.023801015689969063,0.002082797000184655,0.0,0.0,0.1406223624944687,-0.0012843236327171326,0.0,0.0
1.8027520179748535,-0.02948193997144699,0.0028150754515081644,0.0,0.0,0.02375016175210476,-0.01695077493786812,0.0,0.0,0.1406201720237732,-0.0007282327278517187,0.0,0.0
1.8080487251281738,-0.02947058528661728,0.003785328706726432,0.0,0.0,0.023707224056124687,-0.014312644489109516,0.0,0.0,0.14062489569187164,0.0015729098813608289,0.0,0.0
1.811380386352539,-0.02947058528661728,0.003785328706726432,0.0,0.0,0.023707224056124687,-0.014312644489109516,0.0,0.0,0.14062489569187164,0.0015729098813608289,0.0,0.0
1.8164491653442383,-0.029408978298306465,0.020535340532660484,0.0,0.0,0.02364865504205227,-0.019522951915860176,0.0,0.0,0.1406242847442627,-0.00020536972442641854,0.0,0.0
1.827840805053711,-0.029441382735967636,-0.032107818871736526,0.0,0.0,0.0236495528370142,0.0033520099241286516,0.0,0.0,0.14063690602779388,0.0015176853630691767,0.0,0.0
1.8322410583496094,-0.029423022642731667,0.006119586061686277,0.0,0.0,0.02362283319234848,-0.008906075730919838,0.0,0.0,0.14063549041748047,-0.00047090029693208635,0.0,0.0
1.8359262943267822,-0.029423022642731667,0.006119586061686277,0.0,0.0,0.02362283319234848,-0.008906075730919838,0.0,0.0,0.14063549041748047,-0.00047090029693208635,0.0,0.0
1.8435890674591064,-0.029510537162423134,-0.04220947250723839,0.0,0.0,0.023644015192985535,0.0032291277311742306,0.0,0.0,0.1406370997428894,-0.0022235040087252855,0.0,0.0
1.850144863128662,-0.029510537162423134,-0.04220947250723839,0.0,0.0,0.023644015192985535,0.0032291277311742306,0.0,0.0,0.1406370997428894,-0.0022235040087252855,0.0,0.0
1.860189437866211,-0.029392501339316368,0.016898661851882935,0.0,0.0,0.023641107603907585,-8.67938797455281e-05,0.0,0.0,0.14064830541610718,0.0027519960422068834,0.0,0.0
1.8639991283416748,-0.029319724068045616,0.024258792400360107,0.0,0.0,0.023816414177417755,0.05843593180179596,0.0,0.0,0.1406456083059311,-0.000902077998034656,0.0,0.0
1.8669874668121338,-0.02941722795367241,-0.03250119090080261,0.0,0.0,0.02381945215165615,0.0010121968807652593,0.0,0.0,0.14063729345798492,-0.0027686746325343847,0.0,0.0
1.8710424900054932,-0.02941722795367241,-0.03250119090080261,0.0,0.0,0.02381945215165615,0.0010121968807652593,0.0,0.0,0.14063729345798492,-0.0027686746325343847,0.0,0.0
1.8749923706054688,-0.02941722795367241,-0.03250119090080261,0.0,0.0,0.02381945215165615,0.0010121968807652593,0.0,0.0,0.14063729345798492,-0.0027686746325343847,0.0,0.0
1.879528284072876,-0.0294394139200449,-0.007395516615360975,0.0,0.0,0.023777684196829796,-0.013922595418989658,0.0,0.0,0.14063973724842072,0.0008109583286568522,0.0,0.0
1.8826613426208496,-0.0294394139200449,-0.007395516615360975,0.0,0.0,0.023777684196829796,-0.013922595418989658,0.0,0.0,0.14063973724842072,0.0008109583286568522,0.0,0.0
1.8887686729431152,-0.0294394139200449,-0.007395516615360975,0.0,0.0,0.023777684196829796,-0.013922595418989658,0.0,0.0,0.14063973724842072,0.0008109583286568522,0.0,0.0
1.8947241306304932,-0.029390918090939522,0.012638173066079617,0.0,0.0,0.023680726066231728,-0.017198925837874413,0.0,0.0,0.14064353704452515,-6.694679177599028e-05,0.0,0.0
1.8976125717163086,-0.029390918090939522,0.012638173066079617,0.0,0.0,0.023680726066231728,-0.017198925837874413,0.0,0.0,0.14064353704452515,-6.694679177599028e-05,0.0,0.0
1.9037132263183594,-0.029350489377975464,0.013476348482072353,0.0,0.0,0.02363288216292858,-0.01594800502061844,0.0,0.0,0.14064781367778778,0.0014267230872064829,0.0,0.0
1.910667896270752,-0.029350489377975464,0.013476348482072353,0.0,0.0,0.02363288216292858,-0.01594800502061844,0.0,0.0,0.14064781367778778,0.0014267230872064829,0.0,0.0
1.918621301651001,-0.029388250783085823,-0.01258735079318285,0.0,0.0,0.02366161346435547,0.009577392600476742,0.0,0.0,0.1406431347131729,-0.001559569500386715,0.0,0.0
1.9263579845428467,-0.029368896037340164,0.0467483289539814,0.0,0.0,0.02381463162600994,0.043155208230018616,0.0,0.0,0.14063993096351624,0.0004941103979945183,0.0,0.0
1.9375646114349365,-0.029454825446009636,0.0011439209338277578,0.0,0.0,0.023767726495862007,-0.014842950738966465,0.0,0.0,0.14063440263271332,0.0005932694184593856,0.0,0.0
1.9468975067138672,-0.029419545084238052,0.011759686283767223,0.0,0.0,0.0237127598375082,-0.018322329968214035,0.0,0.0,0.14063483476638794,0.00014627655036747456,0.0,0.0
1.9542531967163086,-0.029384905472397804,0.01154692005366087,0.0,0.0,0.02366148866713047,-0.017090409994125366,0.0,0.0,0.14063893258571625,0.0013637153897434473,0.0,0.0
1.9571290016174316,-0.029533855617046356,-0.049650270491838455,0.0,0.0,0.023661494255065918,1.5925367051750072e-06,0.0,0.0,0.14063967764377594,0.0002484666183590889,0.0,0.0
1.9635910987854004,-0.029449021443724632,0.028277931734919548,0.0,0.0,0.023571688681840897,-0.02993469312787056,0.0,0.0,0.14062997698783875,-0.003234978299587965,0.0,0.0
1.966372013092041,-0.029449021443724632,0.028277931734919548,0.0,0.0,0.023571688681840897,-0.02993469312787056,0.0,0.0,0.14062997698783875,-0.003234978299587965,0.0,0.0
1.9702696800231934,-0.029469570145010948,-0.006849486380815506,0.0,0.0,0.023601436987519264,0.009915721602737904,0.0,0.0,0.1406307816505432,0.000270206161076203,0.0,0.0
1.9739372730255127,-0.029469570145010948,-0.006849486380815506,0.0,0.0,0.023601436987519264,0.009915721602737904,0.0,0.0,0.1406307816505432,0.000270206161076203,0.0,0.0
1.9824175834655762,-0.029437050223350525,0.010839838534593582,0.0,0.0,0.023622076958417892,0.006880101747810841,0.0,0.0,0.14063914120197296,0.002787366509437561,0.0,0.0
1.9887917041778564,-0.0293808002024889,0.018750613555312157,0.0,0.0,0.02362929843366146,0.0024069042410701513,0.0,0.0,0.14064493775367737,0.0019319793209433556,0.0,0.0
2.0062358379364014,-0.029317257925868034,0.05539879947900772,0.0,0.0,0.023780077695846558,0.047140415757894516,0.0,0.0,0.14064525067806244,0.0020271497778594494,0.0,0.0
2.011216402053833,-0.029403693974018097,-0.028812171891331673,0.0,0.0,0.02377951145172119,-0.00018893399101216346,0.0,0.0,0.1406395435333252,-0.001905024633742869,0.0,0.0
2.014911651611328,-0.029422391206026077,-0.006232446059584618,0.0,0.0,0.0237391609698534,-0.01345006376504898,0.0,0.0,0.14064276218414307,0.0010734822135418653,0.0,0.0
2.0186333656311035,-0.029422391206026077,-0.006232446059584618,0.0,0.0,0.0237391609698534,-0.01345006376504898,0.0,0.0,0.14064276218414307,0.0010734822135418653,0.0,0.0
2.021373987197876,-0.029372872784733772,0.04699330776929855,0.0,0.0,0.02380736917257309,0.04184315353631973,0.0,0.0,0.1406559944152832,0.000829288037493825,0.0,0.0
2.024972438812256,-0.029372872784733772,0.04699330776929855,0.0,0.0,0.02380736917257309,0.04184315353631973,0.0,0.0,0.1406559944152832,0.000829288037493825,0.0,0.0
2.029641628265381,-0.029372872784733772,0.04699330776929855,0.0,0.0,0.02380736917257309,0.04184315353631973,0.0,0.0,0.1406559944152832,0.000829288037493825,0.0,0.0
2.041243553161621,-0.029274728149175644,0.03271472454071045,0.0,0.0,0.023742301389575005,-0.021689264103770256,0.0,0.0,0.14065532386302948,-0.00022569527209270746,0.0,0.0
2.047783374786377,-0.02952088601887226,-0.004260299261659384,0.0,0.0,0.023692460730671883,-0.011696980334818363,0.0,0.0,0.14064134657382965,-0.00041546719148755074,0.0,0.0
2.0525128841400146,-0.02952088601887226,-0.004260299261659384,0.0,0.0,0.023692460730671883,-0.011696980334818363,0.0,0.0,0.14064134657382965,-0.00041546719148755074,0.0,0.0
2.0557971000671387,-0.029318343847990036,0.06751400977373123,0.0,0.0,0.023813514038920403,0.04035133868455887,0.0,0.0,0.14064481854438782,0.0011565543245524168,0.0,0.0
2.0594072341918945,-0.029318343847990036,0.06751400977373123,0.0,0.0,0.023813514038920403,0.04035133868455887,0.0,0.0,0.14064481854438782,0.0011565543245524168,0.0,0.0
2.064582586288452,-0.029318343847990036,0.06751400977373123,0.0,0.0,0.023813514038920403,0.04035133868455887,0.0,0.0,0.14064481854438782,0.0011565543245524168,0.0,0.0
2.070521831512451,-0.029385967180132866,-0.022540980949997902,0.0,0.0,0.023806191980838776,-0.002440781332552433,0.0,0.0,0.14063841104507446,-0.0021352290641516447,0.0,0.0
2.0736889839172363,-0.029400255531072617,-0.0047627887688577175,0.0,0.0,0.02376358024775982,-0.01420385017991066,0.0,0.0,0.1406412422657013,0.0009460793226025999,0.0,0.0
2.078035831451416,-0.029400255531072617,-0.0047627887688577175,0.0,0.0,0.02376358024775982,-0.01420385017991066,0.0,0.0,0.1406412422657013,0.0009460793226025999,0.0,0.0
2.0856239795684814,-0.029494086280465126,-0.046113815158605576,0.0,0.0,0.02369699254631996,-0.0011636994313448668,0.0,0.0,0.14063650369644165,-0.0005458292434923351,0.0,0.0
2.0903828144073486,-0.029302038252353668,0.06751271337270737,0.0,0.0,0.02379472367465496,0.042326897382736206,0.0,0.0,0.14064164459705353,0.00110818340908736,0.0,0.0
2.0944671630859375,-0.029302038252353668,0.06751271337270737,0.0,0.0,0.02379472367465496,0.042326897382736206,0.0,0.0,0.14064164459705353,0.00110818340908736,0.0,0.0
2.099989175796509,-0.029365094378590584,-0.021018674597144127,0.0,0.0,0.02378888428211212,-0.0019466389203444123,0.0,0.0,0.14063598215579987,-0.0018880119314417243,0.0,0.0
2.103893518447876,-0.029365094378590584,-0.021018674597144127,0.0,0.0,0.02378888428211212,-0.0019466389203444123,0.0,0.0,0.14063598215579987,-0.0018880119314417243,0.0,0.0
2.1072542667388916,-0.029365094378590584,-0.021018674597144127,0.0,0.0,0.02378888428211212,-0.0019466389203444123,0.0,0.0,0.14063598215579987,-0.0018880119314417243,0.0,0.0
2.1123194694519043,-0.029365094378590584,-0.021018674597144127,0.0,0.0,0.02378888428211212,-0.0019466389203444123,0.0,0.0,0.14063598215579987,-0.0018880119314417243,0.0,0.0
2.1384572982788086,-0.029514271765947342,-0.053655147552490234,0.0,0.0,0.023745568469166756,-5.592289744527079e-05,0.0,0.0,0.1406368762254715,-0.00014461646787822247,0.0,0.0
2.16831111907959,-0.029501507058739662,0.004255032632499933,0.0,0.0,0.023700928315520287,-0.014880506321787834,0.0,0.0,0.1406354159116745,-0.0004872409044764936,0.0,0.0
2.193843364715576,-0.029428232461214066,-0.008830798789858818,0.0,0.0,0.023752542212605476,-0.011413904838263988,0.0,0.0,0.14064469933509827,0.00019082665676251054,0.0,0.0
2.2086665630340576,-0.029296452179551125,0.021104363724589348,0.0,0.0,0.023802541196346283,0.05260332673788071,0.0,0.0,0.14064209163188934,-0.0011511871125549078,0.0,0.0
2.2189600467681885,-0.029459550976753235,-0.015267397277057171,0.0,0.0,0.023666536435484886,0.01566905900835991,0.0,0.0,0.1406334936618805,0.00044527315185405314,0.0,0.0
2.221827507019043,-0.029459550976753235,-0.015267397277057171,0.0,0.0,0.023666536435484886,0.01566905900835991,0.0,0.0,0.1406334936618805,0.00044527315185405314,0.0,0.0
2.2263524532318115,-0.029459550976753235,-0.015267397277057171,0.0,0.0,0.023666536435484886,0.01566905900835991,0.0,0.0,0.1406334936618805,0.00044527315185405314,0.0,0.0
2.229995012283325,-0.029459550976753235,-0.015267397277057171,0.0,0.0,0.023666536435484886,0.01566905900835991,0.0,0.0,0.1406334936618805,0.00044527315185405314,0.0,0.0
2.2334072589874268,-0.029459550976753235,-0.015267397277057171,0.0,0.0,0.023666536435484886,0.01566905900835991,0.0,0.0,0.1406334936618805,0.00044527315185405314,0.0,0.0
2.2365455627441406,-0.029459550976753235,-0.015267397277057171,0.0,0.0,0.023666536435484886,0.01566905900835991,0.0,0.0,0.1406334936618805,0.00044527315185405314,0.0,0.0
2.2394096851348877,-0.029459550976753235,-0.015267397277057171,0.0,0.0,0.023666536435484886,0.01566905900835991,0.0,0.0,0.1406334936618805,0.00044527315185405314,0.0,0.0
2.2435479164123535,-0.029459550976753235,-0.015267397277057171,0.0,0.0,0.023666536435484886,0.01566905900835991,0.0,0.0,0.1406334936618805,0.00044527315185405314,0.0,0.0
2.2467143535614014,-0.029459550976753235,-0.015267397277057171,0.0,0.0,0.023666536435484886,0.01566905900835991,0.0,0.0,0.1406334936618805,0.00044527315185405314,0.0,0.0
2.2497148513793945,-0.029459550976753235,-0.015267397277057171,0.0,0.0,0.023666536435484886,0.01566905900835991,0.0,0.0,0.1406334936618805,0.00044527315185405314,0.0,0.0
2.253016233444214,-0.029459550976753235,-0.015267397277057171,0.0,0.0,0.023666536435484886,0.01566905900835991,0.0,0.0,0.1406334936618805,0.00044527315185405314,0.0,0.0
2.2562079429626465,-0.029459550976753235,-0.015267397277057171,0.0,0.0,0.023666536435484886,0.01566905900835991,0.0,0.0,0.1406334936618805,0.00044527315185405314,0.0,0.0
2.2596096992492676,-0.029459550976753235,-0.015267397277057171,0.0,0.0,0.023666536435484886,0.01566905900835991,0.0,0.0,0.1406334936618805,0.00044527315185405314,0.0,0.0
2.26282000541687,-0.029459550976753235,-0.015267397277057171,0.0,0.0,0.023666536435484886,0.01566905900835991,0.0,0.0,0.1406334936618805,0.00044527315185405314,0.0,0.0
2.2665441036224365,-0.029459550976753235,-0.015267397277057171,0.0,0.0,0.023666536435484886,0.01566905900835991,0.0,0.0,0.1406334936618805,0.00044527315185405314,0.0,0.0
2.2699759006500244,-0.029459550976753235,-0.015267397277057171,0.0,0.0,0.023666536435484886,0.01566905900835991,0.0,0.0,0.1406334936618805,0.00044527315185405314,0.0,0.0
2.273134231567383,-0.029459550976753235,-0.015267397277057171,0.0,0.0,0.023666536435484886,0.01566905900835991,0.0,0.0,0.1406334936618805,0.00044527315185405314,0.0,0.0
2.276393413543701,-0.029459550976753235,-0.015267397277057171,0.0,0.0,0.023666536435484886,0.01566905900835991,0.0,0.0,0.1406334936618805,0.00044527315185405314,0.0,0.0
2.2805323600769043,-0.029459550976753235,-0.015267397277057171,0.0,0.0,0.023666536435484886,0.01566905900835991,0.0,0.0,0.1406334936618805,0.00044527315185405314,0.0,0.0
2.2846519947052,-0.029459550976753235,-0.015267397277057171,0.0,0.0,0.023666536435484886,0.01566905900835991,0.0,0.0,0.1406334936618805,0.00044527315185405314,0.0,0.0
2.288278102874756,-0.029459550976753235,-0.015267397277057171,0.0,0.0,0.023666536435484886,0.01566905900835991,0.0,0.0,0.1406334936618805,0.00044527315185405314,0.0,0.0
2.2915947437286377,-0.029459550976753235,-0.015267397277057171,0.0,0.0,0.023666536435484886,0.01566905900835991,0.0,0.0,0.1406334936618805,0.00044527315185405314,0.0,0.0
2.2946672439575195,-0.029459550976753235,-0.015267397277057171,0.0,0.0,0.023666536435484886,0.01566905900835991,0.0,0.0,0.1406334936618805,0.00044527315185405314,0.0,0.0
2.2978708744049072,-0.029459550976753235,-0.015267397277057171,0.0,0.0,0.023666536435484886,0.01566905900835991,0.0,0.0,0.1406334936618805,0.00044527315185405314,0.0,0.0
2.301182746887207,-0.029459550976753235,-0.015267397277057171,0.0,0.0,0.023666536435484886,0.01566905900835991,0.0,0.0,0.1406334936618805,0.00044527315185405314,0.0,0.0
2.305145740509033,-0.029459550976753235,-0.015267397277057171,0.0,0.0,0.023666536435484886,0.01566905900835991,0.0,0.0,0.1406334936618805,0.00044527315185405314,0.0,0.0
2.308375835418701,-0.029459550976753235,-0.015267397277057171,0.0,0.0,0.023666536435484886,0.01566905900835991,0.0,0.0,0.1406334936618805,0.00044527315185405314,0.0,0.0
2.3117761611938477,-0.029459550976753235,-0.015267397277057171,0.0,0.0,0.023666536435484886,0.01566905900835991,0.0,0.0,0.1406334936618805,0.00044527315185405314,0.0,0.0
2.315701723098755,-0.029459550976753235,-0.015267397277057171,0.0,0.0,0.023666536435484886,0.01566905900835991,0.0,0.0,0.1406334936618805,0.00044527315185405314,0.0,0.0
2.320636510848999,-0.029459550976753235,-0.015267397277057171,0.0,0.0,0.023666536435484886,0.01566905900835991,0.0,0.0,0.1406334936618805,0.00044527315185405314,0.0,0.0
2.324596881866455,-0.029459550976753235,-0.015267397277057171,0.0,0.0,0.023666536435484886,0.01566905900835991,0.0,0.0,0.1406334936618805,0.00044527315185405314,0.0,0.0
2.3286774158477783,-0.029459550976753235,-0.015267397277057171,0.0,0.0,0.023666536435484886,0.01566905900835991,0.0,0.0,0.1406334936618805,0.00044527315185405314,0.0,0.0
2.331875801086426,-0.029459550976753235,-0.015267397277057171,0.0,0.0,0.023666536435484886,0.01566905900835991,0.0,0.0,0.1406334936618805,0.00044527315185405314,0.0,0.0
2.335392475128174,-0.029459550976753235,-0.015267397277057171,0.0,0.0,0.023666536435484886,0.01566905900835991,0.0,0.0,0.1406334936618805,0.00044527315185405314,0.0,0.0
2.3405818939208984,-0.029459550976753235,-0.015267397277057171,0.0,0.0,0.023666536435484886,0.01566905900835991,0.0,0.0,0.1406334936618805,0.00044527315185405314,0.0,0.0
2.3475468158721924,-0.029459550976753235,-0.015267397277057171,0.0,0.0,0.023666536435484886,0.01566905900835991,0.0,0.0,0.1406334936618805,0.00044527315185405314,0.0,0.0
2.3532731533050537,-0.029459550976753235,-0.015267397277057171,0.0,0.0,0.023666536435484886,0.01566905900835991,0.0,0.0,0.1406334936618805,0.00044527315185405314,0.0,0.0
2.356902837753296,-0.029459550976753235,-0.015267397277057171,0.0,0.0,0.023666536435484886,0.01566905900835991,0.0,0.0,0.1406334936618805,0.00044527315185405314,0.0,0.0
2.3642513751983643,-0.029459550976753235,-0.015267397277057171,0.0,0.0,0.023666536435484886,0.01566905900835991,0.0,0.0,0.1406334936618805,0.00044527315185405314,0.0,0.0
2.3682215213775635,-0.029459550976753235,-0.015267397277057171,0.0,0.0,0.023666536435484886,0.01566905900835991,0.0,0.0,0.1406334936618805,0.00044527315185405314,0.0,0.0
2.3717305660247803,-0.029459550976753235,-0.015267397277057171,0.0,0.0,0.023666536435484886,0.01566905900835991,0.0,0.0,0.1406334936618805,0.00044527315185405314,0.0,0.0
2.3751981258392334,-0.029459550976753235,-0.015267397277057171,0.0,0.0,0.023666536435484886,0.01566905900835991,0.0,0.0,0.1406334936618805,0.00044527315185405314,0.0,0.0
2.3785862922668457,-0.029459550976753235,-0.015267397277057171,0.0,0.0,0.023666536435484886,0.01566905900835991,0.0,0.0,0.1406334936618805,0.00044527315185405314,0.0,0.0
2.382389783859253,-0.029459550976753235,-0.015267397277057171,0.0,0.0,0.023666536435484886,0.01566905900835991,0.0,0.0,0.1406334936618805,0.00044527315185405314,0.0,0.0
2.3857996463775635,-0.029459550976753235,-0.015267397277057171,0.0,0.0,0.023666536435484886,0.01566905900835991,0.0,0.0,0.1406334936618805,0.00044527315185405314,0.0,0.0
2.389068126678467,-0.029459550976753235,-0.015267397277057171,0.0,0.0,0.023666536435484886,0.01566905900835991,0.0,0.0,0.1406334936618805,0.00044527315185405314,0.0,0.0
2.3920862674713135,-0.029459550976753235,-0.015267397277057171,0.0,0.0,0.023666536435484886,0.01566905900835991,0.0,0.0,0.1406334936618805,0.00044527315185405314,0.0,0.0
2.3952579498291016,-0.029459550976753235,-0.015267397277057171,0.0,0.0,0.023666536435484886,0.01566905900835991,0.0,0.0,0.1406334936618805,0.00044527315185405314,0.0,0.0
2.398153305053711,-0.029459550976753235,-0.015267397277057171,0.0,0.0,0.023666536435484886,0.01566905900835991,0.0,0.0,0.1406334936618805,0.00044527315185405314,0.0,0.0
2.401716947555542,-0.029459550976753235,-0.015267397277057171,0.0,0.0,0.023666536435484886,0.01566905900835991,0.0,0.0,0.1406334936618805,0.00044527315185405314,0.0,0.0
2.4054601192474365,-0.029459550976753235,-0.015267397277057171,0.0,0.0,0.023666536435484886,0.01566905900835991,0.0,0.0,0.1406334936618805,0.00044527315185405314,0.0,0.0
2.4086952209472656,-0.029459550976753235,-0.015267397277057171,0.0,0.0,0.023666536435484886,0.01566905900835991,0.0,0.0,0.1406334936618805,0.00044527315185405314,0.0,0.0
2.41213321685791,-0.029459550976753235,-0.015267397277057171,0.0,0.0,0.023666536435484886,0.01566905900835991,0.0,0.0,0.1406334936618805,0.00044527315185405314,0.0,0.0
2.4152562618255615,-0.029459550976753235,-0.015267397277057171,0.0,0.0,0.023666536435484886,0.01566905900835991,0.0,0.0,0.1406334936618805,0.00044527315185405314,0.0,0.0
2.41825270652771,-0.029459550976753235,-0.015267397277057171,0.0,0.0,0.023666536435484886,0.01566905900835991,0.0,0.0,0.1406334936618805,0.00044527315185405314,0.0,0.0
2.422246217727661,-0.029459550976753235,-0.015267397277057171,0.0,0.0,0.023666536435484886,0.01566905900835991,0.0,0.0,0.1406334936618805,0.00044527315185405314,0.0,0.0
2.4256503582000732,-0.029459550976753235,-0.015267397277057171,0.0,0.0,0.023666536435484886,0.01566905900835991,0.0,0.0,0.1406334936618805,0.00044527315185405314,0.0,0.0
2.428560972213745,-0.029459550976753235,-0.015267397277057171,0.0,0.0,0.023666536435484886,0.01566905900835991,0.0,0.0,0.1406334936618805,0.00044527315185405314,0.0,0.0
2.4319844245910645,-0.029459550976753235,-0.015267397277057171,0.0,0.0,0.023666536435484886,0.01566905900835991,0.0,0.0,0.1406334936618805,0.00044527315185405314,0.0,0.0
2.435210943222046,-0.029459550976753235,-0.015267397277057171,0.0,0.0,0.023666536435484886,0.01566905900835991,0.0,0.0,0.1406334936618805,0.00044527315185405314,0.0,0.0
2.4381110668182373,-0.029459550976753235,-0.015267397277057171,0.0,0.0,0.023666536435484886,0.01566905900835991,0.0,0.0,0.1406334936618805,0.00044527315185405314,0.0,0.0
2.44155216217041,-0.029459550976753235,-0.015267397277057171,0.0,0.0,0.023666536435484886,0.01566905900835991,0.0,0.0,0.1406334936618805,0.00044527315185405314,0.0,0.0
2.444952964782715,-0.029459550976753235,-0.015267397277057171,0.0,0.0,0.023666536435484886,0.01566905900835991,0.0,0.0,0.1406334936618805,0.00044527315185405314,0.0,0.0
2.447610378265381,-0.029459550976753235,-0.015267397277057171,0.0,0.0,0.023666536435484886,0.01566905900835991,0.0,0.0,0.1406334936618805,0.00044527315185405314,0.0,0.0
2.4506030082702637,-0.029459550976753235,-0.015267397277057171,0.0,0.0,0.023666536435484886,0.01566905900835991,0.0,0.0,0.1406334936618805,0.00044527315185405314,0.0,0.0
2.453303813934326,-0.029459550976753235,-0.015267397277057171,0.0,0.0,0.023666536435484886,0.01566905900835991,0.0,0.0,0.1406334936618805,0.00044527315185405314,0.0,0.0
2.4561076164245605,-0.029459550976753235,-0.015267397277057171,0.0,0.0,0.023666536435484886,0.01566905900835991,0.0,0.0,0.1406334936618805,0.00044527315185405314,0.0,0.0
2.459435224533081,-0.029459550976753235,-0.015267397277057171,0.0,0.0,0.023666536435484886,0.01566905900835991,0.0,0.0,0.1406334936618805,0.00044527315185405314,0.0,0.0
2.4627208709716797,-0.029459550976753235,-0.015267397277057171,0.0,0.0,0.023666536435484886,0.01566905900835991,0.0,0.0,0.1406334936618805,0.00044527315185405314,0.0,0.0
2.4662234783172607,-0.029459550976753235,-0.015267397277057171,0.0,0.0,0.023666536435484886,0.01566905900835991,0.0,0.0,0.1406334936618805,0.00044527315185405314,0.0,0.0
2.4693398475646973,-0.029459550976753235,-0.015267397277057171,0.0,0.0,0.023666536435484886,0.01566905900835991,0.0,0.0,0.1406334936618805,0.00044527315185405314,0.0,0.0
2.4724318981170654,-0.029459550976753235,-0.015267397277057171,0.0,0.0,0.023666536435484886,0.01566905900835991,0.0,0.0,0.1406334936618805,0.00044527315185405314,0.0,0.0
2.4757235050201416,-0.029459550976753235,-0.015267397277057171,0.0,0.0,0.023666536435484886,0.01566905900835991,0.0,0.0,0.1406334936618805,0.00044527315185405314,0.0,0.0
2.4792981147766113,-0.029459550976753235,-0.015267397277057171,0.0,0.0,0.023666536435484886,0.01566905900835991,0.0,0.0,0.1406334936618805,0.00044527315185405314,0.0,0.0
2.4827356338500977,-0.029459550976753235,-0.015267397277057171,0.0,0.0,0.023666536435484886,0.01566905900835991,0.0,0.0,0.1406334936618805,0.00044527315185405314,0.0,0.0
2.4858925342559814,-0.029459550976753235,-0.015267397277057171,0.0,0.0,0.023666536435484886,0.01566905900835991,0.0,0.0,0.1406334936618805,0.00044527315185405314,0.0,0.0
2.4890623092651367,-0.029459550976753235,-0.015267397277057171,0.0,0.0,0.023666536435484886,0.01566905900835991,0.0,0.0,0.1406334936618805,0.00044527315185405314,0.0,0.0
2.4926934242248535,-0.029459550976753235,-0.015267397277057171,0.0,0.0,0.023666536435484886,0.01566905900835991,0.0,0.0,0.1406334936618805,0.00044527315185405314,0.0,0.0
2.4953691959381104,-0.029459550976753235,-0.015267397277057171,0.0,0.0,0.023666536435484886,0.01566905900835991,0.0,0.0,0.1406334936618805,0.00044527315185405314,0.0,0.0
2.4979281425476074,-0.029459550976753235,-0.015267397277057171,0.0,0.0,0.023666536435484886,0.01566905900835991,0.0,0.0,0.1406334936618805,0.00044527315185405314,0.0,0.0
2.500558376312256,-0.029459550976753235,-0.015267397277057171,0.0,0.0,0.023666536435484886,0.01566905900835991,0.0,0.0,0.1406334936618805,0.00044527315185405314,0.0,0.0
2.5032410621643066,-0.029459550976753235,-0.015267397277057171,0.0,0.0,0.023666536435484886,0.01566905900835991,0.0,0.0,0.1406334936618805,0.00044527315185405314,0.0,0.0
2.5063838958740234,-0.029459550976753235,-0.015267397277057171,0.0,0.0,0.023666536435484886,0.01566905900835991,0.0,0.0,0.1406334936618805,0.00044527315185405314,0.0,0.0
2.510042667388916,-0.029459550976753235,-0.015267397277057171,0.0,0.0,0.023666536435484886,0.01566905900835991,0.0,0.0,0.1406334936618805,0.00044527315185405314,0.0,0.0
2.513286828994751,-0.029459550976753235,-0.015267397277057171,0.0,0.0,0.023666536435484886,0.01566905900835991,0.0,0.0,0.1406334936618805,0.00044527315185405314,0.0,0.0
2.5162484645843506,-0.029459550976753235,-0.015267397277057171,0.0,0.0,0.023666536435484886,0.01566905900835991,0.0,0.0,0.1406334936618805,0.00044527315185405314,0.0,0.0
2.5194003582000732,-0.029459550976753235,-0.015267397277057171,0.0,0.0,0.023666536435484886,0.01566905900835991,0.0,0.0,0.1406334936618805,0.00044527315185405314,0.0,0.0
2.522977828979492,-0.029459550976753235,-0.015267397277057171,0.0,0.0,0.023666536435484886,0.01566905900835991,0.0,0.0,0.1406334936618805,0.00044527315185405314,0.0,0.0
2.526322841644287,-0.029459550976753235,-0.015267397277057171,0.0,0.0,0.023666536435484886,0.01566905900835991,0.0,0.0,0.1406334936618805,0.00044527315185405314,0.0,0.0
2.52982497215271,-0.029459550976753235,-0.015267397277057171,0.0,0.0,0.023666536435484886,0.01566905900835991,0.0,0.0,0.1406334936618805,0.00044527315185405314,0.0,0.0
2.533254623413086,-0.029459550976753235,-0.015267397277057171,0.0,0.0,0.023666536435484886,0.01566905900835991,0.0,0.0,0.1406334936618805,0.00044527315185405314,0.0,0.0
2.5362844467163086,-0.029459550976753235,-0.015267397277057171,0.0,0.0,0.023666536435484886,0.01566905900835991,0.0,0.0,0.1406334936618805,0.00044527315185405314,0.0,0.0
2.5395476818084717,-0.029459550976753235,-0.015267397277057171,0.0,0.0,0.023666536435484886,0.01566905900835991,0.0,0.0,0.1406334936618805,0.00044527315185405314,0.0,0.0
2.5425496101379395,-0.029459550976753235,-0.015267397277057171,0.0,0.0,0.023666536435484886,0.01566905900835991,0.0,0.0,0.1406334936618805,0.00044527315185405314,0.0,0.0
2.5481972694396973,-0.029459550976753235,-0.015267397277057171,0.0,0.0,0.023666536435484886,0.01566905900835991,0.0,0.0,0.1406334936618805,0.00044527315185405314,0.0,0.0
2.551518440246582,-0.029459550976753235,-0.015267397277057171,0.0,0.0,0.023666536435484886,0.01566905900835991,0.0,0.0,0.1406334936618805,0.00044527315185405314,0.0,0.0
2.554295778274536,-0.029459550976753235,-0.015267397277057171,0.0,0.0,0.023666536435484886,0.01566905900835991,0.0,0.0,0.1406334936618805,0.00044527315185405314,0.0,0.0
2.5572125911712646,-0.029459550976753235,-0.015267397277057171,0.0,0.0,0.023666536435484886,0.01566905900835991,0.0,0.0,0.1406334936618805,0.00044527315185405314,0.0,0.0
2.5602285861968994,-0.029459550976753235,-0.015267397277057171,0.0,0.0,0.023666536435484886,0.01566905900835991,0.0,0.0,0.1406334936618805,0.00044527315185405314,0.0,0.0
2.5634090900421143,-0.029459550976753235,-0.015267397277057171,0.0,0.0,0.023666536435484886,0.01566905900835991,0.0,0.0,0.1406334936618805,0.00044527315185405314,0.0,0.0
2.566305637359619,-0.029459550976753235,-0.015267397277057171,0.0,0.0,0.023666536435484886,0.01566905900835991,0.0,0.0,0.1406334936618805,0.00044527315185405314,0.0,0.0
2.5692059993743896,-0.029459550976753235,-0.015267397277057171,0.0,0.0,0.023666536435484886,0.01566905900835991,0.0,0.0,0.1406334936618805,0.00044527315185405314,0.0,0.0
2.5737314224243164,-0.029459550976753235,-0.015267397277057171,0.0,0.0,0.023666536435484886,0.01566905900835991,0.0,0.0,0.1406334936618805,0.00044527315185405314,0.0,0.0
2.5774357318878174,-0.029459550976753235,-0.015267397277057171,0.0,0.0,0.023666536435484886,0.01566905900835991,0.0,0.0,0.1406334936618805,0.00044527315185405314,0.0,0.0
2.580975294113159,-0.029459550976753235,-0.015267397277057171,0.0,0.0,0.023666536435484886,0.01566905900835991,0.0,0.0,0.1406334936618805,0.00044527315185405314,0.0,0.0
2.584225654602051,-0.029459550976753235,-0.015267397277057171,0.0,0.0,0.023666536435484886,0.01566905900835991,0.0,0.0,0.1406334936618805,0.00044527315185405314,0.0,0.0
2.587480068206787,-0.029459550976753235,-0.015267397277057171,0.0,0.0,0.023666536435484886,0.01566905900835991,0.0,0.0,0.1406334936618805,0.00044527315185405314,0.0,0.0
2.591212034225464,-0.029459550976753235,-0.015267397277057171,0.0,0.0,0.023666536435484886,0.01566905900835991,0.0,0.0,0.1406334936618805,0.00044527315185405314,0.0,0.0
2.595447301864624,-0.029459550976753235,-0.015267397277057171,0.0,0.0,0.023666536435484886,0.01566905900835991,0.0,0.0,0.1406334936618805,0.00044527315185405314,0.0,0.0
2.5989747047424316,-0.029459550976753235,-0.015267397277057171,0.0,0.0,0.023666536435484886,0.01566905900835991,0.0,0.0,0.1406334936618805,0.00044527315185405314,0.0,0.0
2.602088689804077,-0.029459550976753235,-0.015267397277057171,0.0,0.0,0.023666536435484886,0.01566905900835991,0.0,0.0,0.1406334936618805,0.00044527315185405314,0.0,0.0
2.6051676273345947,-0.029459550976753235,-0.015267397277057171,0.0,0.0,0.023666536435484886,0.01566905900835991,0.0,0.0,0.1406334936618805,0.00044527315185405314,0.0,0.0
2.6083767414093018,-0.029459550976753235,-0.015267397277057171,0.0,0.0,0.023666536435484886,0.01566905900835991,0.0,0.0,0.1406334936618805,0.00044527315185405314,0.0,0.0
2.611541509628296,-0.029459550976753235,-0.015267397277057171,0.0,0.0,0.023666536435484886,0.01566905900835991,0.0,0.0,0.1406334936618805,0.00044527315185405314,0.0,0.0
2.6144859790802,-0.029459550976753235,-0.015267397277057171,0.0,0.0,0.023666536435484886,0.01566905900835991,0.0,0.0,0.1406334936618805,0.00044527315185405314,0.0,0.0
2.6175425052642822,-0.029459550976753235,-0.015267397277057171,0.0,0.0,0.023666536435484886,0.01566905900835991,0.0,0.0,0.1406334936618805,0.00044527315185405314,0.0,0.0
2.6203579902648926,-0.029459550976753235,-0.015267397277057171,0.0,0.0,0.023666536435484886,0.01566905900835991,0.0,0.0,0.1406334936618805,0.00044527315185405314,0.0,0.0
2.6231603622436523,-0.029459550976753235,-0.015267397277057171,0.0,0.0,0.023666536435484886,0.01566905900835991,0.0,0.0,0.1406334936618805,0.00044527315185405314,0.0,0.0
2.6265132427215576,-0.029459550976753235,-0.015267397277057171,0.0,0.0,0.023666536435484886,0.01566905900835991,0.0,0.0,0.1406334936618805,0.00044527315185405314,0.0,0.0
2.629707098007202,-0.029459550976753235,-0.015267397277057171,0.0,0.0,0.023666536435484886,0.01566905900835991,0.0,0.0,0.1406334936618805,0.00044527315185405314,0.0,0.0
2.6324267387390137,-0.029459550976753235,-0.015267397277057171,0.0,0.0,0.023666536435484886,0.01566905900835991,0.0,0.0,0.1406334936618805,0.00044527315185405314,0.0,0.0
2.6352875232696533,-0.029459550976753235,-0.015267397277057171,0.0,0.0,0.023666536435484886,0.01566905900835991,0.0,0.0,0.1406334936618805,0.00044527315185405314,0.0,0.0
2.6385083198547363,-0.029459550976753235,-0.015267397277057171,0.0,0.0,0.023666536435484886,0.01566905900835991,0.0,0.0,0.1406334936618805,0.00044527315185405314,0.0,0.0
2.641338348388672,-0.029459550976753235,-0.015267397277057171,0.0,0.0,0.023666536435484886,0.01566905900835991,0.0,0.0,0.1406334936618805,0.00044527315185405314,0.0,0.0
2.6444623470306396,-0.029459550976753235,-0.015267397277057171,0.0,0.0,0.023666536435484886,0.01566905900835991,0.0,0.0,0.1406334936618805,0.00044527315185405314,0.0,0.0
2.6472909450531006,-0.029459550976753235,-0.015267397277057171,0.0,0.0,0.023666536435484886,0.01566905900835991,0.0,0.0,0.1406334936618805,0.00044527315185405314,0.0,0.0
2.6501214504241943,-0.029459550976753235,-0.015267397277057171,0.0,0.0,0.023666536435484886,0.01566905900835991,0.0,0.0,0.1406334936618805,0.00044527315185405314,0.0,0.0
2.652773380279541,-0.029459550976753235,-0.015267397277057171,0.0,0.0,0.023666536435484886,0.01566905900835991,0.0,0.0,0.1406334936618805,0.00044527315185405314,0.0,0.0
2.6553752422332764,-0.029459550976753235,-0.015267397277057171,0.0,0.0,0.023666536435484886,0.01566905900835991,0.0,0.0,0.1406334936618805,0.00044527315185405314,0.0,0.0
2.6580681800842285,-0.029459550976753235,-0.015267397277057171,0.0,0.0,0.023666536435484886,0.01566905900835991,0.0,0.0,0.1406334936618805,0.00044527315185405314,0.0,0.0
2.6606101989746094,-0.029459550976753235,-0.015267397277057171,0.0,0.0,0.023666536435484886,0.01566905900835991,0.0,0.0,0.1406334936618805,0.00044527315185405314,0.0,0.0
2.663203239440918,-0.029459550976753235,-0.015267397277057171,0.0,0.0,0.023666536435484886,0.01566905900835991,0.0,0.0,0.1406334936618805,0.00044527315185405314,0.0,0.0
2.6660170555114746,-0.029459550976753235,-0.015267397277057171,0.0,0.0,0.023666536435484886,0.01566905900835991,0.0,0.0,0.1406334936618805,0.00044527315185405314,0.0,0.0
2.6689305305480957,-0.029459550976753235,-0.015267397277057171,0.0,0.0,0.023666536435484886,0.01566905900835991,0.0,0.0,0.1406334936618805,0.00044527315185405314,0.0,0.0
2.6717922687530518,-0.029459550976753235,-0.015267397277057171,0.0,0.0,0.023666536435484886,0.01566905900835991,0.0,0.0,0.1406334936618805,0.00044527315185405314,0.0,0.0
2.6748175621032715,-0.029459550976753235,-0.015267397277057171,0.0,0.0,0.023666536435484886,0.01566905900835991,0.0,0.0,0.1406334936618805,0.00044527315185405314,0.0,0.0
2.677637815475464,-0.029459550976753235,-0.015267397277057171,0.0,0.0,0.023666536435484886,0.01566905900835991,0.0,0.0,0.1406334936618805,0.00044527315185405314,0.0,0.0
2.680574417114258,-0.029459550976753235,-0.015267397277057171,0.0,0.0,0.023666536435484886,0.01566905900835991,0.0,0.0,0.1406334936618805,0.00044527315185405314,0.0,0.0
2.683454990386963,-0.029459550976753235,-0.015267397277057171,0.0,0.0,0.023666536435484886,0.01566905900835991,0.0,0.0,0.1406334936618805,0.00044527315185405314,0.0,0.0
2.6862690448760986,-0.029459550976753235,-0.015267397277057171,0.0,0.0,0.023666536435484886,0.01566905900835991,0.0,0.0,0.1406334936618805,0.00044527315185405314,0.0,0.0
2.689182758331299,-0.029459550976753235,-0.015267397277057171,0.0,0.0,0.023666536435484886,0.01566905900835991,0.0,0.0,0.1406334936618805,0.00044527315185405314,0.0,0.0
2.6919102668762207,-0.029459550976753235,-0.015267397277057171,0.0,0.0,0.023666536435484886,0.01566905900835991,0.0,0.0,0.1406334936618805,0.00044527315185405314,0.0,0.0
2.694636583328247,-0.029459550976753235,-0.015267397277057171,0.0,0.0,0.023666536435484886,0.01566905900835991,0.0,0.0,0.1406334936618805,0.00044527315185405314,0.0,0.0
2.6972849369049072,-0.029459550976753235,-0.015267397277057171,0.0,0.0,0.023666536435484886,0.01566905900835991,0.0,0.0,0.1406334936618805,0.00044527315185405314,0.0,0.0
2.7000293731689453,-0.029459550976753235,-0.015267397277057171,0.0,0.0,0.023666536435484886,0.01566905900835991,0.0,0.0,0.1406334936618805,0.00044527315185405314,0.0,0.0
2.7026195526123047,-0.029459550976753235,-0.015267397277057171,0.0,0.0,0.023666536435484886,0.01566905900835991,0.0,0.0,0.1406334936618805,0.00044527315185405314,0.0,0.0
2.705536127090454,-0.029459550976753235,-0.015267397277057171,0.0,0.0,0.023666536435484886,0.01566905900835991,0.0,0.0,0.1406334936618805,0.00044527315185405314,0.0,0.0
2.7083749771118164,-0.029459550976753235,-0.015267397277057171,0.0,0.0,0.023666536435484886,0.01566905900835991,0.0,0.0,0.1406334936618805,0.00044527315185405314,0.0,0.0
2.7111504077911377,-0.029459550976753235,-0.015267397277057171,0.0,0.0,0.023666536435484886,0.01566905900835991,0.0,0.0,0.1406334936618805,0.00044527315185405314,0.0,0.0
2.7137184143066406,-0.029459550976753235,-0.015267397277057171,0.0,0.0,0.023666536435484886,0.01566905900835991,0.0,0.0,0.1406334936618805,0.00044527315185405314,0.0,0.0
2.7164487838745117,-0.029459550976753235,-0.015267397277057171,0.0,0.0,0.023666536435484886,0.01566905900835991,0.0,0.0,0.1406334936618805,0.00044527315185405314,0.0,0.0
2.7192306518554688,-0.029459550976753235,-0.015267397277057171,0.0,0.0,0.023666536435484886,0.01566905900835991,0.0,0.0,0.1406334936618805,0.00044527315185405314,0.0,0.0
2.722161054611206,-0.029459550976753235,-0.015267397277057171,0.0,0.0,0.023666536435484886,0.01566905900835991,0.0,0.0,0.1406334936618805,0.00044527315185405314,0.0,0.0
2.7252840995788574,-0.029459550976753235,-0.015267397277057171,0.0,0.0,0.023666536435484886,0.01566905900835991,0.0,0.0,0.1406334936618805,0.00044527315185405314,0.0,0.0
2.7281484603881836,-0.029459550976753235,-0.015267397277057171,0.0,0.0,0.023666536435484886,0.01566905900835991,0.0,0.0,0.1406334936618805,0.00044527315185405314,0.0,0.0
2.730955123901367,-0.029459550976753235,-0.015267397277057171,0.0,0.0,0.023666536435484886,0.01566905900835991,0.0,0.0,0.1406334936618805,0.00044527315185405314,0.0,0.0
2.7337005138397217,-0.029459550976753235,-0.015267397277057171,0.0,0.0,0.023666536435484886,0.01566905900835991,0.0,0.0,0.1406334936618805,0.00044527315185405314,0.0,0.0
2.73659610748291,-0.029459550976753235,-0.015267397277057171,0.0,0.0,0.023666536435484886,0.01566905900835991,0.0,0.0,0.1406334936618805,0.00044527315185405314,0.0,0.0
2.739631175994873,-0.029459550976753235,-0.015267397277057171,0.0,0.0,0.023666536435484886,0.01566905900835991,0.0,0.0,0.1406334936618805,0.00044527315185405314,0.0,0.0
2.7427048683166504,-0.029459550976753235,-0.015267397277057171,0.0,0.0,0.023666536435484886,0.01566905900835991,0.0,0.0,0.1406334936618805,0.00044527315185405314,0.0,0.0
2.745844602584839,-0.029459550976753235,-0.015267397277057171,0.0,0.0,0.023666536435484886,0.01566905900835991,0.0,0.0,0.1406334936618805,0.00044527315185405314,0.0,0.0
2.7494492530822754,-0.029459550976753235,-0.015267397277057171,0.0,0.0,0.023666536435484886,0.01566905900835991,0.0,0.0,0.1406334936618805,0.00044527315185405314,0.0,0.0
2.7535884380340576,-0.029459550976753235,-0.015267397277057171,0.0,0.0,0.023666536435484886,0.01566905900835991,0.0,0.0,0.1406334936618805,0.00044527315185405314,0.0,0.0
2.757361650466919,-0.029459550976753235,-0.015267397277057171,0.0,0.0,0.023666536435484886,0.01566905900835991,0.0,0.0,0.1406334936618805,0.00044527315185405314,0.0,0.0
2.7620553970336914,-0.029459550976753235,-0.015267397277057171,0.0,0.0,0.023666536435484886,0.01566905900835991,0.0,0.0,0.1406334936618805,0.00044527315185405314,0.0,0.0
2.76548433303833,-0.029459550976753235,-0.015267397277057171,0.0,0.0,0.023666536435484886,0.01566905900835991,0.0,0.0,0.1406334936618805,0.00044527315185405314,0.0,0.0
2.7689759731292725,-0.029459550976753235,-0.015267397277057171,0.0,0.0,0.023666536435484886,0.01566905900835991,0.0,0.0,0.1406334936618805,0.00044527315185405314,0.0,0.0
2.7736587524414062,-0.029459550976753235,-0.015267397277057171,0.0,0.0,0.023666536435484886,0.01566905900835991,0.0,0.0,0.1406334936618805,0.00044527315185405314,0.0,0.0
2.779000997543335,-0.029459550976753235,-0.015267397277057171,0.0,0.0,0.023666536435484886,0.01566905900835991,0.0,0.0,0.1406334936618805,0.00044527315185405314,0.0,0.0
2.7826333045959473,-0.029459550976753235,-0.015267397277057171,0.0,0.0,0.023666536435484886,0.01566905900835991,0.0,0.0,0.1406334936618805,0.00044527315185405314,0.0,0.0
2.785984754562378,-0.029459550976753235,-0.015267397277057171,0.0,0.0,0.023666536435484886,0.01566905900835991,0.0,0.0,0.1406334936618805,0.00044527315185405314,0.0,0.0
2.7891340255737305,-0.029459550976753235,-0.015267397277057171,0.0,0.0,0.023666536435484886,0.01566905900835991,0.0,0.0,0.1406334936618805,0.00044527315185405314,0.0,0.0
2.7918996810913086,-0.029459550976753235,-0.015267397277057171,0.0,0.0,0.023666536435484886,0.01566905900835991,0.0,0.0,0.1406334936618805,0.00044527315185405314,0.0,0.0
2.794679641723633,-0.029459550976753235,-0.015267397277057171,0.0,0.0,0.023666536435484886,0.01566905900835991,0.0,0.0,0.1406334936618805,0.00044527315185405314,0.0,0.0
2.7972609996795654,-0.029459550976753235,-0.015267397277057171,0.0,0.0,0.023666536435484886,0.01566905900835991,0.0,0.0,0.1406334936618805,0.00044527315185405314,0.0,0.0
2.7998228073120117,-0.029459550976753235,-0.015267397277057171,0.0,0.0,0.023666536435484886,0.01566905900835991,0.0,0.0,0.1406334936618805,0.00044527315185405314,0.0,0.0
2.8024654388427734,-0.029459550976753235,-0.015267397277057171,0.0,0.0,0.023666536435484886,0.01566905900835991,0.0,0.0,0.1406334936618805,0.00044527315185405314,0.0,0.0
2.805473566055298,-0.029459550976753235,-0.015267397277057171,0.0,0.0,0.023666536435484886,0.01566905900835991,0.0,0.0,0.1406334936618805,0.00044527315185405314,0.0,0.0
2.8084468841552734,-0.029459550976753235,-0.015267397277057171,0.0,0.0,0.023666536435484886,0.01566905900835991,0.0,0.0,0.1406334936618805,0.00044527315185405314,0.0,0.0
2.8111724853515625,-0.029459550976753235,-0.015267397277057171,0.0,0.0,0.023666536435484886,0.01566905900835991,0.0,0.0,0.1406334936618805,0.00044527315185405314,0.0,0.0
2.814180612564087,-0.029459550976753235,-0.015267397277057171,0.0,0.0,0.023666536435484886,0.01566905900835991,0.0,0.0,0.1406334936618805,0.00044527315185405314,0.0,0.0
2.8170924186706543,-0.029459550976753235,-0.015267397277057171,0.0,0.0,0.023666536435484886,0.01566905900835991,0.0,0.0,0.1406334936618805,0.00044527315185405314,0.0,0.0
2.819979667663574,-0.029459550976753235,-0.015267397277057171,0.0,0.0,0.023666536435484886,0.01566905900835991,0.0,0.0,0.1406334936618805,0.00044527315185405314,0.0,0.0
2.8230245113372803,-0.029459550976753235,-0.015267397277057171,0.0,0.0,0.023666536435484886,0.01566905900835991,0.0,0.0,0.1406334936618805,0.00044527315185405314,0.0,0.0
2.8260035514831543,-0.029459550976753235,-0.015267397277057171,0.0,0.0,0.023666536435484886,0.01566905900835991,0.0,0.0,0.1406334936618805,0.00044527315185405314,0.0,0.0
2.8287479877471924,-0.029459550976753235,-0.015267397277057171,0.0,0.0,0.023666536435484886,0.01566905900835991,0.0,0.0,0.1406334936618805,0.00044527315185405314,0.0,0.0
2.831871747970581,-0.029459550976753235,-0.015267397277057171,0.0,0.0,0.023666536435484886,0.01566905900835991,0.0,0.0,0.1406334936618805,0.00044527315185405314,0.0,0.0
2.834414482116699,-0.029459550976753235,-0.015267397277057171,0.0,0.0,0.023666536435484886,0.01566905900835991,0.0,0.0,0.1406334936618805,0.00044527315185405314,0.0,0.0
2.837001085281372,-0.029459550976753235,-0.015267397277057171,0.0,0.0,0.023666536435484886,0.01566905900835991,0.0,0.0,0.1406334936618805,0.00044527315185405314,0.0,0.0
2.8395962715148926,-0.029459550976753235,-0.015267397277057171,0.0,0.0,0.023666536435484886,0.01566905900835991,0.0,0.0,0.1406334936618805,0.00044527315185405314,0.0,0.0
2.8423256874084473,-0.029459550976753235,-0.015267397277057171,0.0,0.0,0.023666536435484886,0.01566905900835991,0.0,0.0,0.1406334936618805,0.00044527315185405314,0.0,0.0
2.845182180404663,-0.029459550976753235,-0.015267397277057171,0.0,0.0,0.023666536435484886,0.01566905900835991,0.0,0.0,0.1406334936618805,0.00044527315185405314,0.0,0.0
2.848114013671875,-0.029459550976753235,-0.015267397277057171,0.0,0.0,0.023666536435484886,0.01566905900835991,0.0,0.0,0.1406334936618805,0.00044527315185405314,0.0,0.0
2.850781202316284,-0.029459550976753235,-0.015267397277057171,0.0,0.0,0.023666536435484886,0.01566905900835991,0.0,0.0,0.1406334936618805,0.00044527315185405314,0.0,0.0
2.8535938262939453,-0.029459550976753235,-0.015267397277057171,0.0,0.0,0.023666536435484886,0.01566905900835991,0.0,0.0,0.1406334936618805,0.00044527315185405314,0.0,0.0
2.8564441204071045,-0.029459550976753235,-0.015267397277057171,0.0,0.0,0.023666536435484886,0.01566905900835991,0.0,0.0,0.1406334936618805,0.00044527315185405314,0.0,0.0
2.8591694831848145,-0.029459550976753235,-0.015267397277057171,0.0,0.0,0.023666536435484886,0.01566905900835991,0.0,0.0,0.1406334936618805,0.00044527315185405314,0.0,0.0
2.8620753288269043,-0.029459550976753235,-0.015267397277057171,0.0,0.0,0.023666536435484886,0.01566905900835991,0.0,0.0,0.1406334936618805,0.00044527315185405314,0.0,0.0
2.8650436401367188,-0.029459550976753235,-0.015267397277057171,0.0,0.0,0.023666536435484886,0.01566905900835991,0.0,0.0,0.1406334936618805,0.00044527315185405314,0.0,0.0
2.8679425716400146,-0.029459550976753235,-0.015267397277057171,0.0,0.0,0.023666536435484886,0.01566905900835991,0.0,0.0,0.1406334936618805,0.00044527315185405314,0.0,0.0
2.8708107471466064,-0.029459550976753235,-0.015267397277057171,0.0,0.0,0.023666536435484886,0.01566905900835991,0.0,0.0,0.1406334936618805,0.00044527315185405314,0.0,0.0
2.8734452724456787,-0.029459550976753235,-0.015267397277057171,0.0,0.0,0.023666536435484886,0.01566905900835991,0.0,0.0,0.1406334936618805,0.00044527315185405314,0.0,0.0
2.8761539459228516,-0.029459550976753235,-0.015267397277057171,0.0,0.0,0.023666536435484886,0.01566905900835991,0.0,0.0,0.1406334936618805,0.00044527315185405314,0.0,0.0
2.8787741661071777,-0.029459550976753235,-0.015267397277057171,0.0,0.0,0.023666536435484886,0.01566905900835991,0.0,0.0,0.1406334936618805,0.00044527315185405314,0.0,0.0
2.8813183307647705,-0.029459550976753235,-0.015267397277057171,0.0,0.0,0.023666536435484886,0.01566905900835991,0.0,0.0,0.1406334936618805,0.00044527315185405314,0.0,0.0
2.884042978286743,-0.029459550976753235,-0.015267397277057171,0.0,0.0,0.023666536435484886,0.01566905900835991,0.0,0.0,0.1406334936618805,0.00044527315185405314,0.0,0.0
2.8867993354797363,-0.029459550976753235,-0.015267397277057171,0.0,0.0,0.023666536435484886,0.01566905900835991,0.0,0.0,0.1406334936618805,0.00044527315185405314,0.0,0.0
2.889493465423584,-0.029459550976753235,-0.015267397277057171,0.0,0.0,0.023666536435484886,0.01566905900835991,0.0,0.0,0.1406334936618805,0.00044527315185405314,0.0,0.0
2.892448663711548,-0.029459550976753235,-0.015267397277057171,0.0,0.0,0.023666536435484886,0.01566905900835991,0.0,0.0,0.1406334936618805,0.00044527315185405314,0.0,0.0
2.8953518867492676,-0.029459550976753235,-0.015267397277057171,0.0,0.0,0.023666536435484886,0.01566905900835991,0.0,0.0,0.1406334936618805,0.00044527315185405314,0.0,0.0
2.898019552230835,-0.029459550976753235,-0.015267397277057171,0.0,0.0,0.023666536435484886,0.01566905900835991,0.0,0.0,0.1406334936618805,0.00044527315185405314,0.0,0.0
2.9010379314422607,-0.029459550976753235,-0.015267397277057171,0.0,0.0,0.023666536435484886,0.01566905900835991,0.0,0.0,0.1406334936618805,0.00044527315185405314,0.0,0.0
2.905397415161133,-0.029459550976753235,-0.015267397277057171,0.0,0.0,0.023666536435484886,0.01566905900835991,0.0,0.0,0.1406334936618805,0.00044527315185405314,0.0,0.0
2.909069538116455,-0.029459550976753235,-0.015267397277057171,0.0,0.0,0.023666536435484886,0.01566905900835991,0.0,0.0,0.1406334936618805,0.00044527315185405314,0.0,0.0
2.9119834899902344,-0.029459550976753235,-0.015267397277057171,0.0,0.0,0.023666536435484886,0.01566905900835991,0.0,0.0,0.1406334936618805,0.00044527315185405314,0.0,0.0
2.9148335456848145,-0.029459550976753235,-0.015267397277057171,0.0,0.0,0.023666536435484886,0.01566905900835991,0.0,0.0,0.1406334936618805,0.00044527315185405314,0.0,0.0
2.917685031890869,-0.029459550976753235,-0.015267397277057171,0.0,0.0,0.023666536435484886,0.01566905900835991,0.0,0.0,0.1406334936618805,0.00044527315185405314,0.0,0.0
2.920624256134033,-0.029459550976753235,-0.015267397277057171,0.0,0.0,0.023666536435484886,0.01566905900835991,0.0,0.0,0.1406334936618805,0.00044527315185405314,0.0,0.0
2.923487424850464,-0.029459550976753235,-0.015267397277057171,0.0,0.0,0.023666536435484886,0.01566905900835991,0.0,0.0,0.1406334936618805,0.00044527315185405314,0.0,0.0
2.9261255264282227,-0.029459550976753235,-0.015267397277057171,0.0,0.0,0.023666536435484886,0.01566905900835991,0.0,0.0,0.1406334936618805,0.00044527315185405314,0.0,0.0
2.9286773204803467,-0.029459550976753235,-0.015267397277057171,0.0,0.0,0.023666536435484886,0.01566905900835991,0.0,0.0,0.1406334936618805,0.00044527315185405314,0.0,0.0
2.9312987327575684,-0.029459550976753235,-0.015267397277057171,0.0,0.0,0.023666536435484886,0.01566905900835991,0.0,0.0,0.1406334936618805,0.00044527315185405314,0.0,0.0
2.9339442253112793,-0.029459550976753235,-0.015267397277057171,0.0,0.0,0.023666536435484886,0.01566905900835991,0.0,0.0,0.1406334936618805,0.00044527315185405314,0.0,0.0
2.936547040939331,-0.029459550976753235,-0.015267397277057171,0.0,0.0,0.023666536435484886,0.01566905900835991,0.0,0.0,0.1406334936618805,0.00044527315185405314,0.0,0.0
2.939429759979248,-0.029459550976753235,-0.015267397277057171,0.0,0.0,0.023666536435484886,0.01566905900835991,0.0,0.0,0.1406334936618805,0.00044527315185405314,0.0,0.0
2.9422121047973633,-0.029459550976753235,-0.015267397277057171,0.0,0.0,0.023666536435484886,0.01566905900835991,0.0,0.0,0.1406334936618805,0.00044527315185405314,0.0,0.0
2.9449803829193115,-0.029459550976753235,-0.015267397277057171,0.0,0.0,0.023666536435484886,0.01566905900835991,0.0,0.0,0.1406334936618805,0.00044527315185405314,0.0,0.0
2.947747230529785,-0.029459550976753235,-0.015267397277057171,0.0,0.0,0.023666536435484886,0.01566905900835991,0.0,0.0,0.1406334936618805,0.00044527315185405314,0.0,0.0
2.9508016109466553,-0.029459550976753235,-0.015267397277057171,0.0,0.0,0.023666536435484886,0.01566905900835991,0.0,0.0,0.1406334936618805,0.00044527315185405314,0.0,0.0
2.953456401824951,-0.029459550976753235,-0.015267397277057171,0.0,0.0,0.023666536435484886,0.01566905900835991,0.0,0.0,0.1406334936618805,0.00044527315185405314,0.0,0.0
2.9565000534057617,-0.029459550976753235,-0.015267397277057171,0.0,0.0,0.023666536435484886,0.01566905900835991,0.0,0.0,0.1406334936618805,0.00044527315185405314,0.0,0.0
2.9592251777648926,-0.029459550976753235,-0.015267397277057171,0.0,0.0,0.023666536435484886,0.01566905900835991,0.0,0.0,0.1406334936618805,0.00044527315185405314,0.0,0.0
2.9617743492126465,-0.029459550976753235,-0.015267397277057171,0.0,0.0,0.023666536435484886,0.01566905900835991,0.0,0.0,0.1406334936618805,0.00044527315185405314,0.0,0.0
2.964362144470215,-0.029459550976753235,-0.015267397277057171,0.0,0.0,0.023666536435484886,0.01566905900835991,0.0,0.0,0.1406334936618805,0.00044527315185405314,0.0,0.0
2.966984748840332,-0.029459550976753235,-0.015267397277057171,0.0,0.0,0.023666536435484886,0.01566905900835991,0.0,0.0,0.1406334936618805,0.00044527315185405314,0.0,0.0
2.9696922302246094,-0.029459550976753235,-0.015267397277057171,0.0,0.0,0.023666536435484886,0.01566905900835991,0.0,0.0,0.1406334936618805,0.00044527315185405314,0.0,0.0
2.972325325012207,-0.029459550976753235,-0.015267397277057171,0.0,0.0,0.023666536435484886,0.01566905900835991,0.0,0.0,0.1406334936618805,0.00044527315185405314,0.0,0.0
2.9751672744750977,-0.029459550976753235,-0.015267397277057171,0.0,0.0,0.023666536435484886,0.01566905900835991,0.0,0.0,0.1406334936618805,0.00044527315185405314,0.0,0.0
2.977954149246216,-0.029459550976753235,-0.015267397277057171,0.0,0.0,0.023666536435484886,0.01566905900835991,0.0,0.0,0.1406334936618805,0.00044527315185405314,0.0,0.0
2.980574607849121,-0.029459550976753235,-0.015267397277057171,0.0,0.0,0.023666536435484886,0.01566905900835991,0.0,0.0,0.1406334936618805,0.00044527315185405314,0.0,0.0
2.9832472801208496,-0.029459550976753235,-0.015267397277057171,0.0,0.0,0.023666536435484886,0.01566905900835991,0.0,0.0,0.1406334936618805,0.00044527315185405314,0.0,0.0
2.9858391284942627,-0.029459550976753235,-0.015267397277057171,0.0,0.0,0.023666536435484886,0.01566905900835991,0.0,0.0,0.1406334936618805,0.00044527315185405314,0.0,0.0
2.9885263442993164,-0.029459550976753235,-0.015267397277057171,0.0,0.0,0.023666536435484886,0.01566905900835991,0.0,0.0,0.1406334936618805,0.00044527315185405314,0.0,0.0
2.991330146789551,-0.029459550976753235,-0.015267397277057171,0.0,0.0,0.023666536435484886,0.01566905900835991,0.0,0.0,0.1406334936618805,0.00044527315185405314,0.0,0.0
2.994166135787964,-0.029459550976753235,-0.015267397277057171,0.0,0.0,0.023666536435484886,0.01566905900835991,0.0,0.0,0.1406334936618805,0.00044527315185405314,0.0,0.0
2.996821880340576,-0.029459550976753235,-0.015267397277057171,0.0,0.0,0.023666536435484886,0.01566905900835991,0.0,0.0,0.1406334936618805,0.00044527315185405314,0.0,0.0
